SystemV/PST8PDT,,,java ZoneInfoDisplay SystemV/PST8PDT ,java ZoneInfoDisplay SystemV/PST8PDT L
2024-04-28T10:00:00Z,2024-04-28T03:00:00-07:00,TRUE,2024-04-28T10:00:00Z,2024-04-28T03:00:00
2024-10-27T09:00:00Z,2024-10-27T01:00:00-08:00,TRUE,2024-10-27T09:00:00Z,2024-10-27T01:00:00
2025-04-27T10:00:00Z,2025-04-27T03:00:00-07:00,TRUE,2025-04-27T10:00:00Z,2025-04-27T03:00:00
2025-10-26T09:00:00Z,2025-10-26T01:00:00-08:00,TRUE,2025-10-26T09:00:00Z,2025-10-26T01:00:00
2026-04-26T10:00:00Z,2026-04-26T03:00:00-07:00,TRUE,2026-04-26T10:00:00Z,2026-04-26T03:00:00
2026-10-25T09:00:00Z,2026-10-25T01:00:00-08:00,TRUE,2026-10-25T09:00:00Z,2026-10-25T01:00:00
2027-04-25T10:00:00Z,2027-04-25T03:00:00-07:00,TRUE,2027-04-25T10:00:00Z,2027-04-25T03:00:00
2027-10-31T09:00:00Z,2027-10-31T01:00:00-08:00,TRUE,2027-10-31T09:00:00Z,2027-10-31T01:00:00
2028-04-30T10:00:00Z,2028-04-30T03:00:00-07:00,TRUE,2028-04-30T10:00:00Z,2028-04-30T03:00:00
2028-10-29T09:00:00Z,2028-10-29T01:00:00-08:00,TRUE,2028-10-29T09:00:00Z,2028-10-29T01:00:00
2029-04-29T10:00:00Z,2029-04-29T03:00:00-07:00,TRUE,2029-04-29T10:00:00Z,2029-04-29T03:00:00
2029-10-28T09:00:00Z,2029-10-28T01:00:00-08:00,TRUE,2029-10-28T09:00:00Z,2029-10-28T01:00:00
2030-04-28T10:00:00Z,2030-04-28T03:00:00-07:00,TRUE,2030-04-28T10:00:00Z,2030-04-28T03:00:00
2030-10-27T09:00:00Z,2030-10-27T01:00:00-08:00,TRUE,2030-10-27T09:00:00Z,2030-10-27T01:00:00
2031-04-27T10:00:00Z,2031-04-27T03:00:00-07:00,TRUE,2031-04-27T10:00:00Z,2031-04-27T03:00:00
2031-10-26T09:00:00Z,2031-10-26T01:00:00-08:00,TRUE,2031-10-26T09:00:00Z,2031-10-26T01:00:00
2032-04-25T10:00:00Z,2032-04-25T03:00:00-07:00,TRUE,2032-04-25T10:00:00Z,2032-04-25T03:00:00
2032-10-31T09:00:00Z,2032-10-31T01:00:00-08:00,TRUE,2032-10-31T09:00:00Z,2032-10-31T01:00:00
2033-04-24T10:00:00Z,2033-04-24T03:00:00-07:00,TRUE,2033-04-24T10:00:00Z,2033-04-24T03:00:00
2033-10-30T09:00:00Z,2033-10-30T01:00:00-08:00,TRUE,2033-10-30T09:00:00Z,2033-10-30T01:00:00
2034-04-30T10:00:00Z,2034-04-30T03:00:00-07:00,TRUE,2034-04-30T10:00:00Z,2034-04-30T03:00:00
2034-10-29T09:00:00Z,2034-10-29T01:00:00-08:00,TRUE,2034-10-29T09:00:00Z,2034-10-29T01:00:00
2035-04-29T10:00:00Z,2035-04-29T03:00:00-07:00,,,
2035-10-28T09:00:00Z,2035-10-28T01:00:00-08:00,,,
2036-04-27T10:00:00Z,2036-04-27T03:00:00-07:00,,,
2036-10-26T09:00:00Z,2036-10-26T01:00:00-08:00,,,
2037-04-26T10:00:00Z,2037-04-26T03:00:00-07:00,,,
2037-10-25T09:00:00Z,2037-10-25T01:00:00-08:00,,,
2038-04-25T10:00:00Z,2038-04-25T03:00:00-07:00,,,
2038-10-31T09:00:00Z,2038-10-31T01:00:00-08:00,,,
2039-04-24T10:00:00Z,2039-04-24T03:00:00-07:00,,,
2039-10-30T09:00:00Z,2039-10-30T01:00:00-08:00,,,
