zone:,fake posix,start,end,TimeDefinition,UT,wall,offset:,match,alias,match,alias,bool,
Africa/Ceuta,STD-1DST-2,M3.5.0/2,M10.5.0/3,0,2025-03-30T01:00:00Z,2025/03/30 3:00:00 +02:00,2,2025-10-26T01:00:00Z,FALSE,2025-03-30T01:00:00Z,TRUE,TRUE,"!=VLOOKUP($A2, Sheet2.$J$2:$M$421, 2 ,0) =IF($F2=2,TRUE(),FALSE()) x2   =OR(J2,L2)"
Africa/Ceuta,STD-1DST-2,M3.5.0/2,M10.5.0/3,0,2025-10-26T01:00:00Z,2025/10/26 2:00:00 +01:00,1,2025-10-26T01:00:00Z,TRUE,2025-03-30T01:00:00Z,FALSE,TRUE,
America/Godthab,STD2DST1,M3.5.0/1,M10.5.0/0,0,2025-03-30T01:00:00Z,2025/03/30 0:00:00 -01:00,-1,2025-10-26T01:00:00Z,FALSE,2025-03-30T01:00:00Z,TRUE,TRUE,
America/Godthab,STD2DST1,M3.5.0/1,M10.5.0/0,0,2025-10-26T01:00:00Z,2025/10/25 23:00:00 -02:00,-2,2025-10-26T01:00:00Z,TRUE,2025-03-30T01:00:00Z,FALSE,TRUE,
America/Nuuk,STD2DST1,M3.5.0/1,M10.5.0/0,0,2025-03-30T01:00:00Z,2025/03/30 0:00:00 -01:00,-1,2025-10-26T01:00:00Z,FALSE,2025-03-30T01:00:00Z,TRUE,TRUE,
America/Nuuk,STD2DST1,M3.5.0/1,M10.5.0/0,0,2025-10-26T01:00:00Z,2025/10/25 23:00:00 -02:00,-2,2025-10-26T01:00:00Z,TRUE,2025-03-30T01:00:00Z,FALSE,TRUE,
America/Santiago,STD4DST3,M9.1.0/0,M4.1.0/0,0,2025-04-06T03:00:00Z,2025/04/05 23:00:00 -04:00,-4,2025-09-07T04:00:00Z,FALSE,2025-04-06T03:00:00Z,TRUE,TRUE,
America/Santiago,STD4DST3,M9.1.0/0,M4.1.0/0,0,2025-09-07T04:00:00Z,2025/09/07 1:00:00 -03:00,-3,2025-09-07T04:00:00Z,TRUE,2025-04-06T03:00:00Z,FALSE,TRUE,
Antarctica/Troll,STD-0DST-2,M3.5.0/1,M10.5.0/3,0,2025-03-30T01:00:00Z,2025/03/30 3:00:00 +02:00,2,2025-10-26T01:00:00Z,FALSE,2025-03-30T01:00:00Z,TRUE,TRUE,
Antarctica/Troll,STD-0DST-2,M3.5.0/1,M10.5.0/3,0,2025-10-26T01:00:00Z,2025/10/26 1:00:00 +00:00,0,2025-10-26T01:00:00Z,TRUE,2025-03-30T01:00:00Z,FALSE,TRUE,
Arctic/Longyearbyen,STD-1DST-2,M3.5.0/2,M10.5.0/3,0,2025-03-30T01:00:00Z,2025/03/30 3:00:00 +02:00,2,2025-10-26T01:00:00Z,FALSE,2025-03-30T01:00:00Z,TRUE,TRUE,
Arctic/Longyearbyen,STD-1DST-2,M3.5.0/2,M10.5.0/3,0,2025-10-26T01:00:00Z,2025/10/26 2:00:00 +01:00,1,2025-10-26T01:00:00Z,TRUE,2025-03-30T01:00:00Z,FALSE,TRUE,
Asia/Famagusta,STD-2DST-3,M3.5.0/3,M10.5.0/4,0,2025-03-30T01:00:00Z,2025/03/30 4:00:00 +03:00,3,2025-10-26T01:00:00Z,FALSE,2025-03-30T01:00:00Z,TRUE,TRUE,
Asia/Famagusta,STD-2DST-3,M3.5.0/3,M10.5.0/4,0,2025-10-26T01:00:00Z,2025/10/26 3:00:00 +02:00,2,2025-10-26T01:00:00Z,TRUE,2025-03-30T01:00:00Z,FALSE,TRUE,
Asia/Nicosia,STD-2DST-3,M3.5.0/3,M10.5.0/4,0,2025-03-30T01:00:00Z,2025/03/30 4:00:00 +03:00,3,2025-10-26T01:00:00Z,FALSE,2025-03-30T01:00:00Z,TRUE,TRUE,
Asia/Nicosia,STD-2DST-3,M3.5.0/3,M10.5.0/4,0,2025-10-26T01:00:00Z,2025/10/26 3:00:00 +02:00,2,2025-10-26T01:00:00Z,TRUE,2025-03-30T01:00:00Z,FALSE,TRUE,
Atlantic/Azores,STD1DST-0,M3.5.0/0,M10.5.0/1,0,2025-03-30T01:00:00Z,2025/03/30 1:00:00 +00:00,0,2025-10-26T01:00:00Z,FALSE,2025-03-30T01:00:00Z,TRUE,TRUE,
Atlantic/Azores,STD1DST-0,M3.5.0/0,M10.5.0/1,0,2025-10-26T01:00:00Z,2025/10/26 0:00:00 -01:00,-1,2025-10-26T01:00:00Z,TRUE,2025-03-30T01:00:00Z,FALSE,TRUE,
Atlantic/Canary,STD-0DST-1,M3.5.0/1,M10.5.0/2,0,2025-03-30T01:00:00Z,2025/03/30 2:00:00 +01:00,1,2025-10-26T01:00:00Z,FALSE,2025-03-30T01:00:00Z,TRUE,TRUE,
Atlantic/Canary,STD-0DST-1,M3.5.0/1,M10.5.0/2,0,2025-10-26T01:00:00Z,2025/10/26 1:00:00 +00:00,0,2025-10-26T01:00:00Z,TRUE,2025-03-30T01:00:00Z,FALSE,TRUE,
Atlantic/Faeroe,STD-0DST-1,M3.5.0/1,M10.5.0/2,0,2025-03-30T01:00:00Z,2025/03/30 2:00:00 +01:00,1,2025-10-26T01:00:00Z,FALSE,2025-03-30T01:00:00Z,TRUE,TRUE,
Atlantic/Faeroe,STD-0DST-1,M3.5.0/1,M10.5.0/2,0,2025-10-26T01:00:00Z,2025/10/26 1:00:00 +00:00,0,2025-10-26T01:00:00Z,TRUE,2025-03-30T01:00:00Z,FALSE,TRUE,
Atlantic/Faroe,STD-0DST-1,M3.5.0/1,M10.5.0/2,0,2025-03-30T01:00:00Z,2025/03/30 2:00:00 +01:00,1,2025-10-26T01:00:00Z,FALSE,2025-03-30T01:00:00Z,TRUE,TRUE,
Atlantic/Faroe,STD-0DST-1,M3.5.0/1,M10.5.0/2,0,2025-10-26T01:00:00Z,2025/10/26 1:00:00 +00:00,0,2025-10-26T01:00:00Z,TRUE,2025-03-30T01:00:00Z,FALSE,TRUE,
Atlantic/Jan_Mayen,STD-1DST-2,M3.5.0/2,M10.5.0/3,0,2025-03-30T01:00:00Z,2025/03/30 3:00:00 +02:00,2,2025-10-26T01:00:00Z,FALSE,2025-03-30T01:00:00Z,TRUE,TRUE,
Atlantic/Jan_Mayen,STD-1DST-2,M3.5.0/2,M10.5.0/3,0,2025-10-26T01:00:00Z,2025/10/26 2:00:00 +01:00,1,2025-10-26T01:00:00Z,TRUE,2025-03-30T01:00:00Z,FALSE,TRUE,
Atlantic/Madeira,STD-0DST-1,M3.5.0/1,M10.5.0/2,0,2025-03-30T01:00:00Z,2025/03/30 2:00:00 +01:00,1,2025-10-26T01:00:00Z,FALSE,2025-03-30T01:00:00Z,TRUE,TRUE,
Atlantic/Madeira,STD-0DST-1,M3.5.0/1,M10.5.0/2,0,2025-10-26T01:00:00Z,2025/10/26 1:00:00 +00:00,0,2025-10-26T01:00:00Z,TRUE,2025-03-30T01:00:00Z,FALSE,TRUE,
Chile/Continental,STD4DST3,M9.1.0/0,M4.1.0/0,0,2025-04-06T03:00:00Z,2025/04/05 23:00:00 -04:00,-4,2025-09-07T04:00:00Z,FALSE,2025-04-06T03:00:00Z,TRUE,TRUE,
Chile/Continental,STD4DST3,M9.1.0/0,M4.1.0/0,0,2025-09-07T04:00:00Z,2025/09/07 1:00:00 -03:00,-3,2025-09-07T04:00:00Z,TRUE,2025-04-06T03:00:00Z,FALSE,TRUE,
Chile/EasterIsland,STD6DST5,M9.1.0/2,M4.1.0/2,0,2025-04-06T03:00:00Z,2025/04/05 21:00:00 -06:00,-6,2025-09-07T04:00:00Z,FALSE,2025-04-06T03:00:00Z,TRUE,TRUE,
Chile/EasterIsland,STD6DST5,M9.1.0/2,M4.1.0/2,0,2025-09-07T04:00:00Z,2025/09/06 23:00:00 -05:00,-5,2025-09-07T04:00:00Z,TRUE,2025-04-06T03:00:00Z,FALSE,TRUE,
EET,STD-2DST-3,M3.5.0/3,M10.5.0/4,0,2025-03-30T01:00:00Z,2025/03/30 4:00:00 +03:00,3,2025-10-26T01:00:00Z,FALSE,2025-03-30T01:00:00Z,TRUE,TRUE,
EET,STD-2DST-3,M3.5.0/3,M10.5.0/4,0,2025-10-26T01:00:00Z,2025/10/26 3:00:00 +02:00,2,2025-10-26T01:00:00Z,TRUE,2025-03-30T01:00:00Z,FALSE,TRUE,
Eire,STD-0DST-1,M3.5.0/1,M10.5.0/2,0,2025-03-30T01:00:00Z,2025/03/30 2:00:00 +01:00,1,2025-10-26T01:00:00Z,FALSE,2025-03-30T01:00:00Z,TRUE,TRUE,
Eire,STD-0DST-1,M3.5.0/1,M10.5.0/2,0,2025-10-26T01:00:00Z,2025/10/26 1:00:00 +00:00,0,2025-10-26T01:00:00Z,TRUE,2025-03-30T01:00:00Z,FALSE,TRUE,
Europe/Amsterdam,STD-1DST-2,M3.5.0/2,M10.5.0/3,0,2025-03-30T01:00:00Z,2025/03/30 3:00:00 +02:00,2,2025-10-26T01:00:00Z,FALSE,2025-03-30T01:00:00Z,TRUE,TRUE,
Europe/Amsterdam,STD-1DST-2,M3.5.0/2,M10.5.0/3,0,2025-10-26T01:00:00Z,2025/10/26 2:00:00 +01:00,1,2025-10-26T01:00:00Z,TRUE,2025-03-30T01:00:00Z,FALSE,TRUE,
Europe/Andorra,STD-1DST-2,M3.5.0/2,M10.5.0/3,0,2025-03-30T01:00:00Z,2025/03/30 3:00:00 +02:00,2,2025-10-26T01:00:00Z,FALSE,2025-03-30T01:00:00Z,TRUE,TRUE,
Europe/Andorra,STD-1DST-2,M3.5.0/2,M10.5.0/3,0,2025-10-26T01:00:00Z,2025/10/26 2:00:00 +01:00,1,2025-10-26T01:00:00Z,TRUE,2025-03-30T01:00:00Z,FALSE,TRUE,
Europe/Athens,STD-2DST-3,M3.5.0/3,M10.5.0/4,0,2025-03-30T01:00:00Z,2025/03/30 4:00:00 +03:00,3,2025-10-26T01:00:00Z,FALSE,2025-03-30T01:00:00Z,TRUE,TRUE,
Europe/Athens,STD-2DST-3,M3.5.0/3,M10.5.0/4,0,2025-10-26T01:00:00Z,2025/10/26 3:00:00 +02:00,2,2025-10-26T01:00:00Z,TRUE,2025-03-30T01:00:00Z,FALSE,TRUE,
Europe/Belfast,STD-0DST-1,M3.5.0/1,M10.5.0/2,0,2025-03-30T01:00:00Z,2025/03/30 2:00:00 +01:00,1,2025-10-26T01:00:00Z,FALSE,2025-03-30T01:00:00Z,TRUE,TRUE,
Europe/Belfast,STD-0DST-1,M3.5.0/1,M10.5.0/2,0,2025-10-26T01:00:00Z,2025/10/26 1:00:00 +00:00,0,2025-10-26T01:00:00Z,TRUE,2025-03-30T01:00:00Z,FALSE,TRUE,
Europe/Belgrade,STD-1DST-2,M3.5.0/2,M10.5.0/3,0,2025-03-30T01:00:00Z,2025/03/30 3:00:00 +02:00,2,2025-10-26T01:00:00Z,FALSE,2025-03-30T01:00:00Z,TRUE,TRUE,
Europe/Belgrade,STD-1DST-2,M3.5.0/2,M10.5.0/3,0,2025-10-26T01:00:00Z,2025/10/26 2:00:00 +01:00,1,2025-10-26T01:00:00Z,TRUE,2025-03-30T01:00:00Z,FALSE,TRUE,
Europe/Berlin,STD-1DST-2,M3.5.0/2,M10.5.0/3,0,2025-03-30T01:00:00Z,2025/03/30 3:00:00 +02:00,2,2025-10-26T01:00:00Z,FALSE,2025-03-30T01:00:00Z,TRUE,TRUE,
Europe/Berlin,STD-1DST-2,M3.5.0/2,M10.5.0/3,0,2025-10-26T01:00:00Z,2025/10/26 2:00:00 +01:00,1,2025-10-26T01:00:00Z,TRUE,2025-03-30T01:00:00Z,FALSE,TRUE,
Europe/Bratislava,STD-1DST-2,M3.5.0/2,M10.5.0/3,0,2025-03-30T01:00:00Z,2025/03/30 3:00:00 +02:00,2,2025-10-26T01:00:00Z,FALSE,2025-03-30T01:00:00Z,TRUE,TRUE,
Europe/Bratislava,STD-1DST-2,M3.5.0/2,M10.5.0/3,0,2025-10-26T01:00:00Z,2025/10/26 2:00:00 +01:00,1,2025-10-26T01:00:00Z,TRUE,2025-03-30T01:00:00Z,FALSE,TRUE,
Europe/Brussels,STD-1DST-2,M3.5.0/2,M10.5.0/3,0,2025-03-30T01:00:00Z,2025/03/30 3:00:00 +02:00,2,2025-10-26T01:00:00Z,FALSE,2025-03-30T01:00:00Z,TRUE,TRUE,
Europe/Brussels,STD-1DST-2,M3.5.0/2,M10.5.0/3,0,2025-10-26T01:00:00Z,2025/10/26 2:00:00 +01:00,1,2025-10-26T01:00:00Z,TRUE,2025-03-30T01:00:00Z,FALSE,TRUE,
Europe/Bucharest,STD-2DST-3,M3.5.0/3,M10.5.0/4,0,2025-03-30T01:00:00Z,2025/03/30 4:00:00 +03:00,3,2025-10-26T01:00:00Z,FALSE,2025-03-30T01:00:00Z,TRUE,TRUE,
Europe/Bucharest,STD-2DST-3,M3.5.0/3,M10.5.0/4,0,2025-10-26T01:00:00Z,2025/10/26 3:00:00 +02:00,2,2025-10-26T01:00:00Z,TRUE,2025-03-30T01:00:00Z,FALSE,TRUE,
Europe/Budapest,STD-1DST-2,M3.5.0/2,M10.5.0/3,0,2025-03-30T01:00:00Z,2025/03/30 3:00:00 +02:00,2,2025-10-26T01:00:00Z,FALSE,2025-03-30T01:00:00Z,TRUE,TRUE,
Europe/Budapest,STD-1DST-2,M3.5.0/2,M10.5.0/3,0,2025-10-26T01:00:00Z,2025/10/26 2:00:00 +01:00,1,2025-10-26T01:00:00Z,TRUE,2025-03-30T01:00:00Z,FALSE,TRUE,
Europe/Busingen,STD-1DST-2,M3.5.0/2,M10.5.0/3,0,2025-03-30T01:00:00Z,2025/03/30 3:00:00 +02:00,2,2025-10-26T01:00:00Z,FALSE,2025-03-30T01:00:00Z,TRUE,TRUE,
Europe/Busingen,STD-1DST-2,M3.5.0/2,M10.5.0/3,0,2025-10-26T01:00:00Z,2025/10/26 2:00:00 +01:00,1,2025-10-26T01:00:00Z,TRUE,2025-03-30T01:00:00Z,FALSE,TRUE,
Europe/Copenhagen,STD-1DST-2,M3.5.0/2,M10.5.0/3,0,2025-03-30T01:00:00Z,2025/03/30 3:00:00 +02:00,2,2025-10-26T01:00:00Z,FALSE,2025-03-30T01:00:00Z,TRUE,TRUE,
Europe/Copenhagen,STD-1DST-2,M3.5.0/2,M10.5.0/3,0,2025-10-26T01:00:00Z,2025/10/26 2:00:00 +01:00,1,2025-10-26T01:00:00Z,TRUE,2025-03-30T01:00:00Z,FALSE,TRUE,
Europe/Dublin,STD-0DST-1,M3.5.0/1,M10.5.0/2,0,2025-03-30T01:00:00Z,2025/03/30 2:00:00 +01:00,1,2025-10-26T01:00:00Z,FALSE,2025-03-30T01:00:00Z,TRUE,TRUE,
Europe/Dublin,STD-0DST-1,M3.5.0/1,M10.5.0/2,0,2025-10-26T01:00:00Z,2025/10/26 1:00:00 +00:00,0,2025-10-26T01:00:00Z,TRUE,2025-03-30T01:00:00Z,FALSE,TRUE,
Europe/Gibraltar,STD-1DST-2,M3.5.0/2,M10.5.0/3,0,2025-03-30T01:00:00Z,2025/03/30 3:00:00 +02:00,2,2025-10-26T01:00:00Z,FALSE,2025-03-30T01:00:00Z,TRUE,TRUE,
Europe/Gibraltar,STD-1DST-2,M3.5.0/2,M10.5.0/3,0,2025-10-26T01:00:00Z,2025/10/26 2:00:00 +01:00,1,2025-10-26T01:00:00Z,TRUE,2025-03-30T01:00:00Z,FALSE,TRUE,
Europe/Guernsey,STD-0DST-1,M3.5.0/1,M10.5.0/2,0,2025-03-30T01:00:00Z,2025/03/30 2:00:00 +01:00,1,2025-10-26T01:00:00Z,FALSE,2025-03-30T01:00:00Z,TRUE,TRUE,
Europe/Guernsey,STD-0DST-1,M3.5.0/1,M10.5.0/2,0,2025-10-26T01:00:00Z,2025/10/26 1:00:00 +00:00,0,2025-10-26T01:00:00Z,TRUE,2025-03-30T01:00:00Z,FALSE,TRUE,
Europe/Helsinki,STD-2DST-3,M3.5.0/3,M10.5.0/4,0,2025-03-30T01:00:00Z,2025/03/30 4:00:00 +03:00,3,2025-10-26T01:00:00Z,FALSE,2025-03-30T01:00:00Z,TRUE,TRUE,
Europe/Helsinki,STD-2DST-3,M3.5.0/3,M10.5.0/4,0,2025-10-26T01:00:00Z,2025/10/26 3:00:00 +02:00,2,2025-10-26T01:00:00Z,TRUE,2025-03-30T01:00:00Z,FALSE,TRUE,
Europe/Isle_of_Man,STD-0DST-1,M3.5.0/1,M10.5.0/2,0,2025-03-30T01:00:00Z,2025/03/30 2:00:00 +01:00,1,2025-10-26T01:00:00Z,FALSE,2025-03-30T01:00:00Z,TRUE,TRUE,
Europe/Isle_of_Man,STD-0DST-1,M3.5.0/1,M10.5.0/2,0,2025-10-26T01:00:00Z,2025/10/26 1:00:00 +00:00,0,2025-10-26T01:00:00Z,TRUE,2025-03-30T01:00:00Z,FALSE,TRUE,
Europe/Jersey,STD-0DST-1,M3.5.0/1,M10.5.0/2,0,2025-03-30T01:00:00Z,2025/03/30 2:00:00 +01:00,1,2025-10-26T01:00:00Z,FALSE,2025-03-30T01:00:00Z,TRUE,TRUE,
Europe/Jersey,STD-0DST-1,M3.5.0/1,M10.5.0/2,0,2025-10-26T01:00:00Z,2025/10/26 1:00:00 +00:00,0,2025-10-26T01:00:00Z,TRUE,2025-03-30T01:00:00Z,FALSE,TRUE,
Europe/Kiev,STD-2DST-3,M3.5.0/3,M10.5.0/4,0,2025-03-30T01:00:00Z,2025/03/30 4:00:00 +03:00,3,2025-10-26T01:00:00Z,FALSE,2025-03-30T01:00:00Z,TRUE,TRUE,
Europe/Kiev,STD-2DST-3,M3.5.0/3,M10.5.0/4,0,2025-10-26T01:00:00Z,2025/10/26 3:00:00 +02:00,2,2025-10-26T01:00:00Z,TRUE,2025-03-30T01:00:00Z,FALSE,TRUE,
Europe/Lisbon,STD-0DST-1,M3.5.0/1,M10.5.0/2,0,2025-03-30T01:00:00Z,2025/03/30 2:00:00 +01:00,1,2025-10-26T01:00:00Z,FALSE,2025-03-30T01:00:00Z,TRUE,TRUE,
Europe/Lisbon,STD-0DST-1,M3.5.0/1,M10.5.0/2,0,2025-10-26T01:00:00Z,2025/10/26 1:00:00 +00:00,0,2025-10-26T01:00:00Z,TRUE,2025-03-30T01:00:00Z,FALSE,TRUE,
Europe/Ljubljana,STD-1DST-2,M3.5.0/2,M10.5.0/3,0,2025-03-30T01:00:00Z,2025/03/30 3:00:00 +02:00,2,2025-10-26T01:00:00Z,FALSE,2025-03-30T01:00:00Z,TRUE,TRUE,
Europe/Ljubljana,STD-1DST-2,M3.5.0/2,M10.5.0/3,0,2025-10-26T01:00:00Z,2025/10/26 2:00:00 +01:00,1,2025-10-26T01:00:00Z,TRUE,2025-03-30T01:00:00Z,FALSE,TRUE,
Europe/London,STD-0DST-1,M3.5.0/1,M10.5.0/2,0,2025-03-30T01:00:00Z,2025/03/30 2:00:00 +01:00,1,2025-10-26T01:00:00Z,FALSE,2025-03-30T01:00:00Z,TRUE,TRUE,
Europe/London,STD-0DST-1,M3.5.0/1,M10.5.0/2,0,2025-10-26T01:00:00Z,2025/10/26 1:00:00 +00:00,0,2025-10-26T01:00:00Z,TRUE,2025-03-30T01:00:00Z,FALSE,TRUE,
Europe/Luxembourg,STD-1DST-2,M3.5.0/2,M10.5.0/3,0,2025-03-30T01:00:00Z,2025/03/30 3:00:00 +02:00,2,2025-10-26T01:00:00Z,FALSE,2025-03-30T01:00:00Z,TRUE,TRUE,
Europe/Luxembourg,STD-1DST-2,M3.5.0/2,M10.5.0/3,0,2025-10-26T01:00:00Z,2025/10/26 2:00:00 +01:00,1,2025-10-26T01:00:00Z,TRUE,2025-03-30T01:00:00Z,FALSE,TRUE,
Europe/Madrid,STD-1DST-2,M3.5.0/2,M10.5.0/3,0,2025-03-30T01:00:00Z,2025/03/30 3:00:00 +02:00,2,2025-10-26T01:00:00Z,FALSE,2025-03-30T01:00:00Z,TRUE,TRUE,
Europe/Madrid,STD-1DST-2,M3.5.0/2,M10.5.0/3,0,2025-10-26T01:00:00Z,2025/10/26 2:00:00 +01:00,1,2025-10-26T01:00:00Z,TRUE,2025-03-30T01:00:00Z,FALSE,TRUE,
Europe/Malta,STD-1DST-2,M3.5.0/2,M10.5.0/3,0,2025-03-30T01:00:00Z,2025/03/30 3:00:00 +02:00,2,2025-10-26T01:00:00Z,FALSE,2025-03-30T01:00:00Z,TRUE,TRUE,
Europe/Malta,STD-1DST-2,M3.5.0/2,M10.5.0/3,0,2025-10-26T01:00:00Z,2025/10/26 2:00:00 +01:00,1,2025-10-26T01:00:00Z,TRUE,2025-03-30T01:00:00Z,FALSE,TRUE,
Europe/Mariehamn,STD-2DST-3,M3.5.0/3,M10.5.0/4,0,2025-03-30T01:00:00Z,2025/03/30 4:00:00 +03:00,3,2025-10-26T01:00:00Z,FALSE,2025-03-30T01:00:00Z,TRUE,TRUE,
Europe/Mariehamn,STD-2DST-3,M3.5.0/3,M10.5.0/4,0,2025-10-26T01:00:00Z,2025/10/26 3:00:00 +02:00,2,2025-10-26T01:00:00Z,TRUE,2025-03-30T01:00:00Z,FALSE,TRUE,
Europe/Monaco,STD-1DST-2,M3.5.0/2,M10.5.0/3,0,2025-03-30T01:00:00Z,2025/03/30 3:00:00 +02:00,2,2025-10-26T01:00:00Z,FALSE,2025-03-30T01:00:00Z,TRUE,TRUE,
Europe/Monaco,STD-1DST-2,M3.5.0/2,M10.5.0/3,0,2025-10-26T01:00:00Z,2025/10/26 2:00:00 +01:00,1,2025-10-26T01:00:00Z,TRUE,2025-03-30T01:00:00Z,FALSE,TRUE,
Europe/Nicosia,STD-2DST-3,M3.5.0/3,M10.5.0/4,0,2025-03-30T01:00:00Z,2025/03/30 4:00:00 +03:00,3,2025-10-26T01:00:00Z,FALSE,2025-03-30T01:00:00Z,TRUE,TRUE,
Europe/Nicosia,STD-2DST-3,M3.5.0/3,M10.5.0/4,0,2025-10-26T01:00:00Z,2025/10/26 3:00:00 +02:00,2,2025-10-26T01:00:00Z,TRUE,2025-03-30T01:00:00Z,FALSE,TRUE,
Europe/Oslo,STD-1DST-2,M3.5.0/2,M10.5.0/3,0,2025-03-30T01:00:00Z,2025/03/30 3:00:00 +02:00,2,2025-10-26T01:00:00Z,FALSE,2025-03-30T01:00:00Z,TRUE,TRUE,
Europe/Oslo,STD-1DST-2,M3.5.0/2,M10.5.0/3,0,2025-10-26T01:00:00Z,2025/10/26 2:00:00 +01:00,1,2025-10-26T01:00:00Z,TRUE,2025-03-30T01:00:00Z,FALSE,TRUE,
Europe/Paris,STD-1DST-2,M3.5.0/2,M10.5.0/3,0,2025-03-30T01:00:00Z,2025/03/30 3:00:00 +02:00,2,2025-10-26T01:00:00Z,FALSE,2025-03-30T01:00:00Z,TRUE,TRUE,
Europe/Paris,STD-1DST-2,M3.5.0/2,M10.5.0/3,0,2025-10-26T01:00:00Z,2025/10/26 2:00:00 +01:00,1,2025-10-26T01:00:00Z,TRUE,2025-03-30T01:00:00Z,FALSE,TRUE,
Europe/Podgorica,STD-1DST-2,M3.5.0/2,M10.5.0/3,0,2025-03-30T01:00:00Z,2025/03/30 3:00:00 +02:00,2,2025-10-26T01:00:00Z,FALSE,2025-03-30T01:00:00Z,TRUE,TRUE,
Europe/Podgorica,STD-1DST-2,M3.5.0/2,M10.5.0/3,0,2025-10-26T01:00:00Z,2025/10/26 2:00:00 +01:00,1,2025-10-26T01:00:00Z,TRUE,2025-03-30T01:00:00Z,FALSE,TRUE,
Europe/Prague,STD-1DST-2,M3.5.0/2,M10.5.0/3,0,2025-03-30T01:00:00Z,2025/03/30 3:00:00 +02:00,2,2025-10-26T01:00:00Z,FALSE,2025-03-30T01:00:00Z,TRUE,TRUE,
Europe/Prague,STD-1DST-2,M3.5.0/2,M10.5.0/3,0,2025-10-26T01:00:00Z,2025/10/26 2:00:00 +01:00,1,2025-10-26T01:00:00Z,TRUE,2025-03-30T01:00:00Z,FALSE,TRUE,
Europe/Riga,STD-2DST-3,M3.5.0/3,M10.5.0/4,0,2025-03-30T01:00:00Z,2025/03/30 4:00:00 +03:00,3,2025-10-26T01:00:00Z,FALSE,2025-03-30T01:00:00Z,TRUE,TRUE,
Europe/Riga,STD-2DST-3,M3.5.0/3,M10.5.0/4,0,2025-10-26T01:00:00Z,2025/10/26 3:00:00 +02:00,2,2025-10-26T01:00:00Z,TRUE,2025-03-30T01:00:00Z,FALSE,TRUE,
Europe/Rome,STD-1DST-2,M3.5.0/2,M10.5.0/3,0,2025-03-30T01:00:00Z,2025/03/30 3:00:00 +02:00,2,2025-10-26T01:00:00Z,FALSE,2025-03-30T01:00:00Z,TRUE,TRUE,
Europe/Rome,STD-1DST-2,M3.5.0/2,M10.5.0/3,0,2025-10-26T01:00:00Z,2025/10/26 2:00:00 +01:00,1,2025-10-26T01:00:00Z,TRUE,2025-03-30T01:00:00Z,FALSE,TRUE,
Europe/San_Marino,STD-1DST-2,M3.5.0/2,M10.5.0/3,0,2025-03-30T01:00:00Z,2025/03/30 3:00:00 +02:00,2,2025-10-26T01:00:00Z,FALSE,2025-03-30T01:00:00Z,TRUE,TRUE,
Europe/San_Marino,STD-1DST-2,M3.5.0/2,M10.5.0/3,0,2025-10-26T01:00:00Z,2025/10/26 2:00:00 +01:00,1,2025-10-26T01:00:00Z,TRUE,2025-03-30T01:00:00Z,FALSE,TRUE,
Europe/Sarajevo,STD-1DST-2,M3.5.0/2,M10.5.0/3,0,2025-03-30T01:00:00Z,2025/03/30 3:00:00 +02:00,2,2025-10-26T01:00:00Z,FALSE,2025-03-30T01:00:00Z,TRUE,TRUE,
Europe/Sarajevo,STD-1DST-2,M3.5.0/2,M10.5.0/3,0,2025-10-26T01:00:00Z,2025/10/26 2:00:00 +01:00,1,2025-10-26T01:00:00Z,TRUE,2025-03-30T01:00:00Z,FALSE,TRUE,
Europe/Skopje,STD-1DST-2,M3.5.0/2,M10.5.0/3,0,2025-03-30T01:00:00Z,2025/03/30 3:00:00 +02:00,2,2025-10-26T01:00:00Z,FALSE,2025-03-30T01:00:00Z,TRUE,TRUE,
Europe/Skopje,STD-1DST-2,M3.5.0/2,M10.5.0/3,0,2025-10-26T01:00:00Z,2025/10/26 2:00:00 +01:00,1,2025-10-26T01:00:00Z,TRUE,2025-03-30T01:00:00Z,FALSE,TRUE,
Europe/Sofia,STD-2DST-3,M3.5.0/3,M10.5.0/4,0,2025-03-30T01:00:00Z,2025/03/30 4:00:00 +03:00,3,2025-10-26T01:00:00Z,FALSE,2025-03-30T01:00:00Z,TRUE,TRUE,
Europe/Sofia,STD-2DST-3,M3.5.0/3,M10.5.0/4,0,2025-10-26T01:00:00Z,2025/10/26 3:00:00 +02:00,2,2025-10-26T01:00:00Z,TRUE,2025-03-30T01:00:00Z,FALSE,TRUE,
Europe/Stockholm,STD-1DST-2,M3.5.0/2,M10.5.0/3,0,2025-03-30T01:00:00Z,2025/03/30 3:00:00 +02:00,2,2025-10-26T01:00:00Z,FALSE,2025-03-30T01:00:00Z,TRUE,TRUE,
Europe/Stockholm,STD-1DST-2,M3.5.0/2,M10.5.0/3,0,2025-10-26T01:00:00Z,2025/10/26 2:00:00 +01:00,1,2025-10-26T01:00:00Z,TRUE,2025-03-30T01:00:00Z,FALSE,TRUE,
Europe/Tallinn,STD-2DST-3,M3.5.0/3,M10.5.0/4,0,2025-03-30T01:00:00Z,2025/03/30 4:00:00 +03:00,3,2025-10-26T01:00:00Z,FALSE,2025-03-30T01:00:00Z,TRUE,TRUE,
Europe/Tallinn,STD-2DST-3,M3.5.0/3,M10.5.0/4,0,2025-10-26T01:00:00Z,2025/10/26 3:00:00 +02:00,2,2025-10-26T01:00:00Z,TRUE,2025-03-30T01:00:00Z,FALSE,TRUE,
Europe/Tirane,STD-1DST-2,M3.5.0/2,M10.5.0/3,0,2025-03-30T01:00:00Z,2025/03/30 3:00:00 +02:00,2,2025-10-26T01:00:00Z,FALSE,2025-03-30T01:00:00Z,TRUE,TRUE,
Europe/Tirane,STD-1DST-2,M3.5.0/2,M10.5.0/3,0,2025-10-26T01:00:00Z,2025/10/26 2:00:00 +01:00,1,2025-10-26T01:00:00Z,TRUE,2025-03-30T01:00:00Z,FALSE,TRUE,
Europe/Uzhgorod,STD-2DST-3,M3.5.0/3,M10.5.0/4,0,2025-03-30T01:00:00Z,2025/03/30 4:00:00 +03:00,3,2025-10-26T01:00:00Z,FALSE,2025-03-30T01:00:00Z,TRUE,TRUE,
Europe/Uzhgorod,STD-2DST-3,M3.5.0/3,M10.5.0/4,0,2025-10-26T01:00:00Z,2025/10/26 3:00:00 +02:00,2,2025-10-26T01:00:00Z,TRUE,2025-03-30T01:00:00Z,FALSE,TRUE,
Europe/Vaduz,STD-1DST-2,M3.5.0/2,M10.5.0/3,0,2025-03-30T01:00:00Z,2025/03/30 3:00:00 +02:00,2,2025-10-26T01:00:00Z,FALSE,2025-03-30T01:00:00Z,TRUE,TRUE,
Europe/Vaduz,STD-1DST-2,M3.5.0/2,M10.5.0/3,0,2025-10-26T01:00:00Z,2025/10/26 2:00:00 +01:00,1,2025-10-26T01:00:00Z,TRUE,2025-03-30T01:00:00Z,FALSE,TRUE,
Europe/Vatican,STD-1DST-2,M3.5.0/2,M10.5.0/3,0,2025-03-30T01:00:00Z,2025/03/30 3:00:00 +02:00,2,2025-10-26T01:00:00Z,FALSE,2025-03-30T01:00:00Z,TRUE,TRUE,
Europe/Vatican,STD-1DST-2,M3.5.0/2,M10.5.0/3,0,2025-10-26T01:00:00Z,2025/10/26 2:00:00 +01:00,1,2025-10-26T01:00:00Z,TRUE,2025-03-30T01:00:00Z,FALSE,TRUE,
Europe/Vienna,STD-1DST-2,M3.5.0/2,M10.5.0/3,0,2025-03-30T01:00:00Z,2025/03/30 3:00:00 +02:00,2,2025-10-26T01:00:00Z,FALSE,2025-03-30T01:00:00Z,TRUE,TRUE,
Europe/Vienna,STD-1DST-2,M3.5.0/2,M10.5.0/3,0,2025-10-26T01:00:00Z,2025/10/26 2:00:00 +01:00,1,2025-10-26T01:00:00Z,TRUE,2025-03-30T01:00:00Z,FALSE,TRUE,
Europe/Vilnius,STD-2DST-3,M3.5.0/3,M10.5.0/4,0,2025-03-30T01:00:00Z,2025/03/30 4:00:00 +03:00,3,2025-10-26T01:00:00Z,FALSE,2025-03-30T01:00:00Z,TRUE,TRUE,
Europe/Vilnius,STD-2DST-3,M3.5.0/3,M10.5.0/4,0,2025-10-26T01:00:00Z,2025/10/26 3:00:00 +02:00,2,2025-10-26T01:00:00Z,TRUE,2025-03-30T01:00:00Z,FALSE,TRUE,
Europe/Warsaw,STD-1DST-2,M3.5.0/2,M10.5.0/3,0,2025-03-30T01:00:00Z,2025/03/30 3:00:00 +02:00,2,2025-10-26T01:00:00Z,FALSE,2025-03-30T01:00:00Z,TRUE,TRUE,
Europe/Warsaw,STD-1DST-2,M3.5.0/2,M10.5.0/3,0,2025-10-26T01:00:00Z,2025/10/26 2:00:00 +01:00,1,2025-10-26T01:00:00Z,TRUE,2025-03-30T01:00:00Z,FALSE,TRUE,
Europe/Zagreb,STD-1DST-2,M3.5.0/2,M10.5.0/3,0,2025-03-30T01:00:00Z,2025/03/30 3:00:00 +02:00,2,2025-10-26T01:00:00Z,FALSE,2025-03-30T01:00:00Z,TRUE,TRUE,
Europe/Zagreb,STD-1DST-2,M3.5.0/2,M10.5.0/3,0,2025-10-26T01:00:00Z,2025/10/26 2:00:00 +01:00,1,2025-10-26T01:00:00Z,TRUE,2025-03-30T01:00:00Z,FALSE,TRUE,
Europe/Zaporozhye,STD-2DST-3,M3.5.0/3,M10.5.0/4,0,2025-03-30T01:00:00Z,2025/03/30 4:00:00 +03:00,3,2025-10-26T01:00:00Z,FALSE,2025-03-30T01:00:00Z,TRUE,TRUE,
Europe/Zaporozhye,STD-2DST-3,M3.5.0/3,M10.5.0/4,0,2025-10-26T01:00:00Z,2025/10/26 3:00:00 +02:00,2,2025-10-26T01:00:00Z,TRUE,2025-03-30T01:00:00Z,FALSE,TRUE,
Europe/Zurich,STD-1DST-2,M3.5.0/2,M10.5.0/3,0,2025-03-30T01:00:00Z,2025/03/30 3:00:00 +02:00,2,2025-10-26T01:00:00Z,FALSE,2025-03-30T01:00:00Z,TRUE,TRUE,
Europe/Zurich,STD-1DST-2,M3.5.0/2,M10.5.0/3,0,2025-10-26T01:00:00Z,2025/10/26 2:00:00 +01:00,1,2025-10-26T01:00:00Z,TRUE,2025-03-30T01:00:00Z,FALSE,TRUE,
GB,STD-0DST-1,M3.5.0/1,M10.5.0/2,0,2025-03-30T01:00:00Z,2025/03/30 2:00:00 +01:00,1,2025-10-26T01:00:00Z,FALSE,2025-03-30T01:00:00Z,TRUE,TRUE,
GB,STD-0DST-1,M3.5.0/1,M10.5.0/2,0,2025-10-26T01:00:00Z,2025/10/26 1:00:00 +00:00,0,2025-10-26T01:00:00Z,TRUE,2025-03-30T01:00:00Z,FALSE,TRUE,
Africa/Ceuta,STD-1DST-2,M3.5.0/2,M10.5.0/3,0,2025-03-30T01:00:00Z,2025/03/30 3:00:00 +02:00,2,2025-10-26T01:00:00Z,FALSE,2025-03-30T01:00:00Z,TRUE,TRUE,
Africa/Ceuta,STD-1DST-2,M3.5.0/2,M10.5.0/3,0,2025-10-26T01:00:00Z,2025/10/26 2:00:00 +01:00,1,2025-10-26T01:00:00Z,TRUE,2025-03-30T01:00:00Z,FALSE,TRUE,
America/Godthab,STD2DST1,M3.5.0/1,M10.5.0/0,0,2025-03-30T01:00:00Z,2025/03/30 0:00:00 -01:00,-1,2025-10-26T01:00:00Z,FALSE,2025-03-30T01:00:00Z,TRUE,TRUE,
America/Godthab,STD2DST1,M3.5.0/1,M10.5.0/0,0,2025-10-26T01:00:00Z,2025/10/25 23:00:00 -02:00,-2,2025-10-26T01:00:00Z,TRUE,2025-03-30T01:00:00Z,FALSE,TRUE,
America/Nuuk,STD2DST1,M3.5.0/1,M10.5.0/0,0,2025-03-30T01:00:00Z,2025/03/30 0:00:00 -01:00,-1,2025-10-26T01:00:00Z,FALSE,2025-03-30T01:00:00Z,TRUE,TRUE,
America/Nuuk,STD2DST1,M3.5.0/1,M10.5.0/0,0,2025-10-26T01:00:00Z,2025/10/25 23:00:00 -02:00,-2,2025-10-26T01:00:00Z,TRUE,2025-03-30T01:00:00Z,FALSE,TRUE,
America/Santiago,STD4DST3,M9.1.0/0,M4.1.0/0,0,2025-04-06T03:00:00Z,2025/04/05 23:00:00 -04:00,-4,2025-09-07T04:00:00Z,FALSE,2025-04-06T03:00:00Z,TRUE,TRUE,
America/Santiago,STD4DST3,M9.1.0/0,M4.1.0/0,0,2025-09-07T04:00:00Z,2025/09/07 1:00:00 -03:00,-3,2025-09-07T04:00:00Z,TRUE,2025-04-06T03:00:00Z,FALSE,TRUE,
Antarctica/Troll,STD-0DST-2,M3.5.0/1,M10.5.0/3,0,2025-03-30T01:00:00Z,2025/03/30 3:00:00 +02:00,2,2025-10-26T01:00:00Z,FALSE,2025-03-30T01:00:00Z,TRUE,TRUE,
Antarctica/Troll,STD-0DST-2,M3.5.0/1,M10.5.0/3,0,2025-10-26T01:00:00Z,2025/10/26 1:00:00 +00:00,0,2025-10-26T01:00:00Z,TRUE,2025-03-30T01:00:00Z,FALSE,TRUE,
Arctic/Longyearbyen,STD-1DST-2,M3.5.0/2,M10.5.0/3,0,2025-03-30T01:00:00Z,2025/03/30 3:00:00 +02:00,2,2025-10-26T01:00:00Z,FALSE,2025-03-30T01:00:00Z,TRUE,TRUE,
Arctic/Longyearbyen,STD-1DST-2,M3.5.0/2,M10.5.0/3,0,2025-10-26T01:00:00Z,2025/10/26 2:00:00 +01:00,1,2025-10-26T01:00:00Z,TRUE,2025-03-30T01:00:00Z,FALSE,TRUE,
Asia/Famagusta,STD-2DST-3,M3.5.0/3,M10.5.0/4,0,2025-03-30T01:00:00Z,2025/03/30 4:00:00 +03:00,3,2025-10-26T01:00:00Z,FALSE,2025-03-30T01:00:00Z,TRUE,TRUE,
Asia/Famagusta,STD-2DST-3,M3.5.0/3,M10.5.0/4,0,2025-10-26T01:00:00Z,2025/10/26 3:00:00 +02:00,2,2025-10-26T01:00:00Z,TRUE,2025-03-30T01:00:00Z,FALSE,TRUE,
Asia/Nicosia,STD-2DST-3,M3.5.0/3,M10.5.0/4,0,2025-03-30T01:00:00Z,2025/03/30 4:00:00 +03:00,3,2025-10-26T01:00:00Z,FALSE,2025-03-30T01:00:00Z,TRUE,TRUE,
Asia/Nicosia,STD-2DST-3,M3.5.0/3,M10.5.0/4,0,2025-10-26T01:00:00Z,2025/10/26 3:00:00 +02:00,2,2025-10-26T01:00:00Z,TRUE,2025-03-30T01:00:00Z,FALSE,TRUE,
Atlantic/Azores,STD1DST-0,M3.5.0/0,M10.5.0/1,0,2025-03-30T01:00:00Z,2025/03/30 1:00:00 +00:00,0,2025-10-26T01:00:00Z,FALSE,2025-03-30T01:00:00Z,TRUE,TRUE,
Atlantic/Azores,STD1DST-0,M3.5.0/0,M10.5.0/1,0,2025-10-26T01:00:00Z,2025/10/26 0:00:00 -01:00,-1,2025-10-26T01:00:00Z,TRUE,2025-03-30T01:00:00Z,FALSE,TRUE,
Atlantic/Canary,STD-0DST-1,M3.5.0/1,M10.5.0/2,0,2025-03-30T01:00:00Z,2025/03/30 2:00:00 +01:00,1,2025-10-26T01:00:00Z,FALSE,2025-03-30T01:00:00Z,TRUE,TRUE,
Atlantic/Canary,STD-0DST-1,M3.5.0/1,M10.5.0/2,0,2025-10-26T01:00:00Z,2025/10/26 1:00:00 +00:00,0,2025-10-26T01:00:00Z,TRUE,2025-03-30T01:00:00Z,FALSE,TRUE,
Atlantic/Faeroe,STD-0DST-1,M3.5.0/1,M10.5.0/2,0,2025-03-30T01:00:00Z,2025/03/30 2:00:00 +01:00,1,2025-10-26T01:00:00Z,FALSE,2025-03-30T01:00:00Z,TRUE,TRUE,
Atlantic/Faeroe,STD-0DST-1,M3.5.0/1,M10.5.0/2,0,2025-10-26T01:00:00Z,2025/10/26 1:00:00 +00:00,0,2025-10-26T01:00:00Z,TRUE,2025-03-30T01:00:00Z,FALSE,TRUE,
Atlantic/Faroe,STD-0DST-1,M3.5.0/1,M10.5.0/2,0,2025-03-30T01:00:00Z,2025/03/30 2:00:00 +01:00,1,2025-10-26T01:00:00Z,FALSE,2025-03-30T01:00:00Z,TRUE,TRUE,
Atlantic/Faroe,STD-0DST-1,M3.5.0/1,M10.5.0/2,0,2025-10-26T01:00:00Z,2025/10/26 1:00:00 +00:00,0,2025-10-26T01:00:00Z,TRUE,2025-03-30T01:00:00Z,FALSE,TRUE,
Atlantic/Jan_Mayen,STD-1DST-2,M3.5.0/2,M10.5.0/3,0,2025-03-30T01:00:00Z,2025/03/30 3:00:00 +02:00,2,2025-10-26T01:00:00Z,FALSE,2025-03-30T01:00:00Z,TRUE,TRUE,
Atlantic/Jan_Mayen,STD-1DST-2,M3.5.0/2,M10.5.0/3,0,2025-10-26T01:00:00Z,2025/10/26 2:00:00 +01:00,1,2025-10-26T01:00:00Z,TRUE,2025-03-30T01:00:00Z,FALSE,TRUE,
Atlantic/Madeira,STD-0DST-1,M3.5.0/1,M10.5.0/2,0,2025-03-30T01:00:00Z,2025/03/30 2:00:00 +01:00,1,2025-10-26T01:00:00Z,FALSE,2025-03-30T01:00:00Z,TRUE,TRUE,
Atlantic/Madeira,STD-0DST-1,M3.5.0/1,M10.5.0/2,0,2025-10-26T01:00:00Z,2025/10/26 1:00:00 +00:00,0,2025-10-26T01:00:00Z,TRUE,2025-03-30T01:00:00Z,FALSE,TRUE,
Chile/Continental,STD4DST3,M9.1.0/0,M4.1.0/0,0,2025-04-06T03:00:00Z,2025/04/05 23:00:00 -04:00,-4,2025-09-07T04:00:00Z,FALSE,2025-04-06T03:00:00Z,TRUE,TRUE,
Chile/Continental,STD4DST3,M9.1.0/0,M4.1.0/0,0,2025-09-07T04:00:00Z,2025/09/07 1:00:00 -03:00,-3,2025-09-07T04:00:00Z,TRUE,2025-04-06T03:00:00Z,FALSE,TRUE,
Chile/EasterIsland,STD6DST5,M9.1.0/2,M4.1.0/2,0,2025-04-06T03:00:00Z,2025/04/05 21:00:00 -06:00,-6,2025-09-07T04:00:00Z,FALSE,2025-04-06T03:00:00Z,TRUE,TRUE,
Chile/EasterIsland,STD6DST5,M9.1.0/2,M4.1.0/2,0,2025-09-07T04:00:00Z,2025/09/06 23:00:00 -05:00,-5,2025-09-07T04:00:00Z,TRUE,2025-04-06T03:00:00Z,FALSE,TRUE,
EET,STD-2DST-3,M3.5.0/3,M10.5.0/4,0,2025-03-30T01:00:00Z,2025/03/30 4:00:00 +03:00,3,2025-10-26T01:00:00Z,FALSE,2025-03-30T01:00:00Z,TRUE,TRUE,
EET,STD-2DST-3,M3.5.0/3,M10.5.0/4,0,2025-10-26T01:00:00Z,2025/10/26 3:00:00 +02:00,2,2025-10-26T01:00:00Z,TRUE,2025-03-30T01:00:00Z,FALSE,TRUE,
Eire,STD-0DST-1,M3.5.0/1,M10.5.0/2,0,2025-03-30T01:00:00Z,2025/03/30 2:00:00 +01:00,1,2025-10-26T01:00:00Z,FALSE,2025-03-30T01:00:00Z,TRUE,TRUE,
Eire,STD-0DST-1,M3.5.0/1,M10.5.0/2,0,2025-10-26T01:00:00Z,2025/10/26 1:00:00 +00:00,0,2025-10-26T01:00:00Z,TRUE,2025-03-30T01:00:00Z,FALSE,TRUE,
Europe/Amsterdam,STD-1DST-2,M3.5.0/2,M10.5.0/3,0,2025-03-30T01:00:00Z,2025/03/30 3:00:00 +02:00,2,2025-10-26T01:00:00Z,FALSE,2025-03-30T01:00:00Z,TRUE,TRUE,
Europe/Amsterdam,STD-1DST-2,M3.5.0/2,M10.5.0/3,0,2025-10-26T01:00:00Z,2025/10/26 2:00:00 +01:00,1,2025-10-26T01:00:00Z,TRUE,2025-03-30T01:00:00Z,FALSE,TRUE,
Europe/Andorra,STD-1DST-2,M3.5.0/2,M10.5.0/3,0,2025-03-30T01:00:00Z,2025/03/30 3:00:00 +02:00,2,2025-10-26T01:00:00Z,FALSE,2025-03-30T01:00:00Z,TRUE,TRUE,
Europe/Andorra,STD-1DST-2,M3.5.0/2,M10.5.0/3,0,2025-10-26T01:00:00Z,2025/10/26 2:00:00 +01:00,1,2025-10-26T01:00:00Z,TRUE,2025-03-30T01:00:00Z,FALSE,TRUE,
Europe/Athens,STD-2DST-3,M3.5.0/3,M10.5.0/4,0,2025-03-30T01:00:00Z,2025/03/30 4:00:00 +03:00,3,2025-10-26T01:00:00Z,FALSE,2025-03-30T01:00:00Z,TRUE,TRUE,
Europe/Athens,STD-2DST-3,M3.5.0/3,M10.5.0/4,0,2025-10-26T01:00:00Z,2025/10/26 3:00:00 +02:00,2,2025-10-26T01:00:00Z,TRUE,2025-03-30T01:00:00Z,FALSE,TRUE,
Europe/Belfast,STD-0DST-1,M3.5.0/1,M10.5.0/2,0,2025-03-30T01:00:00Z,2025/03/30 2:00:00 +01:00,1,2025-10-26T01:00:00Z,FALSE,2025-03-30T01:00:00Z,TRUE,TRUE,
Europe/Belfast,STD-0DST-1,M3.5.0/1,M10.5.0/2,0,2025-10-26T01:00:00Z,2025/10/26 1:00:00 +00:00,0,2025-10-26T01:00:00Z,TRUE,2025-03-30T01:00:00Z,FALSE,TRUE,
Europe/Belgrade,STD-1DST-2,M3.5.0/2,M10.5.0/3,0,2025-03-30T01:00:00Z,2025/03/30 3:00:00 +02:00,2,2025-10-26T01:00:00Z,FALSE,2025-03-30T01:00:00Z,TRUE,TRUE,
Europe/Belgrade,STD-1DST-2,M3.5.0/2,M10.5.0/3,0,2025-10-26T01:00:00Z,2025/10/26 2:00:00 +01:00,1,2025-10-26T01:00:00Z,TRUE,2025-03-30T01:00:00Z,FALSE,TRUE,
Europe/Berlin,STD-1DST-2,M3.5.0/2,M10.5.0/3,0,2025-03-30T01:00:00Z,2025/03/30 3:00:00 +02:00,2,2025-10-26T01:00:00Z,FALSE,2025-03-30T01:00:00Z,TRUE,TRUE,
Europe/Berlin,STD-1DST-2,M3.5.0/2,M10.5.0/3,0,2025-10-26T01:00:00Z,2025/10/26 2:00:00 +01:00,1,2025-10-26T01:00:00Z,TRUE,2025-03-30T01:00:00Z,FALSE,TRUE,
Europe/Bratislava,STD-1DST-2,M3.5.0/2,M10.5.0/3,0,2025-03-30T01:00:00Z,2025/03/30 3:00:00 +02:00,2,2025-10-26T01:00:00Z,FALSE,2025-03-30T01:00:00Z,TRUE,TRUE,
Europe/Bratislava,STD-1DST-2,M3.5.0/2,M10.5.0/3,0,2025-10-26T01:00:00Z,2025/10/26 2:00:00 +01:00,1,2025-10-26T01:00:00Z,TRUE,2025-03-30T01:00:00Z,FALSE,TRUE,
Europe/Brussels,STD-1DST-2,M3.5.0/2,M10.5.0/3,0,2025-03-30T01:00:00Z,2025/03/30 3:00:00 +02:00,2,2025-10-26T01:00:00Z,FALSE,2025-03-30T01:00:00Z,TRUE,TRUE,
Europe/Brussels,STD-1DST-2,M3.5.0/2,M10.5.0/3,0,2025-10-26T01:00:00Z,2025/10/26 2:00:00 +01:00,1,2025-10-26T01:00:00Z,TRUE,2025-03-30T01:00:00Z,FALSE,TRUE,
Europe/Bucharest,STD-2DST-3,M3.5.0/3,M10.5.0/4,0,2025-03-30T01:00:00Z,2025/03/30 4:00:00 +03:00,3,2025-10-26T01:00:00Z,FALSE,2025-03-30T01:00:00Z,TRUE,TRUE,
Europe/Bucharest,STD-2DST-3,M3.5.0/3,M10.5.0/4,0,2025-10-26T01:00:00Z,2025/10/26 3:00:00 +02:00,2,2025-10-26T01:00:00Z,TRUE,2025-03-30T01:00:00Z,FALSE,TRUE,
Europe/Budapest,STD-1DST-2,M3.5.0/2,M10.5.0/3,0,2025-03-30T01:00:00Z,2025/03/30 3:00:00 +02:00,2,2025-10-26T01:00:00Z,FALSE,2025-03-30T01:00:00Z,TRUE,TRUE,
Europe/Budapest,STD-1DST-2,M3.5.0/2,M10.5.0/3,0,2025-10-26T01:00:00Z,2025/10/26 2:00:00 +01:00,1,2025-10-26T01:00:00Z,TRUE,2025-03-30T01:00:00Z,FALSE,TRUE,
Europe/Busingen,STD-1DST-2,M3.5.0/2,M10.5.0/3,0,2025-03-30T01:00:00Z,2025/03/30 3:00:00 +02:00,2,2025-10-26T01:00:00Z,FALSE,2025-03-30T01:00:00Z,TRUE,TRUE,
Europe/Busingen,STD-1DST-2,M3.5.0/2,M10.5.0/3,0,2025-10-26T01:00:00Z,2025/10/26 2:00:00 +01:00,1,2025-10-26T01:00:00Z,TRUE,2025-03-30T01:00:00Z,FALSE,TRUE,
Europe/Copenhagen,STD-1DST-2,M3.5.0/2,M10.5.0/3,0,2025-03-30T01:00:00Z,2025/03/30 3:00:00 +02:00,2,2025-10-26T01:00:00Z,FALSE,2025-03-30T01:00:00Z,TRUE,TRUE,
Europe/Copenhagen,STD-1DST-2,M3.5.0/2,M10.5.0/3,0,2025-10-26T01:00:00Z,2025/10/26 2:00:00 +01:00,1,2025-10-26T01:00:00Z,TRUE,2025-03-30T01:00:00Z,FALSE,TRUE,
Europe/Dublin,STD-0DST-1,M3.5.0/1,M10.5.0/2,0,2025-03-30T01:00:00Z,2025/03/30 2:00:00 +01:00,1,2025-10-26T01:00:00Z,FALSE,2025-03-30T01:00:00Z,TRUE,TRUE,
Europe/Dublin,STD-0DST-1,M3.5.0/1,M10.5.0/2,0,2025-10-26T01:00:00Z,2025/10/26 1:00:00 +00:00,0,2025-10-26T01:00:00Z,TRUE,2025-03-30T01:00:00Z,FALSE,TRUE,
Europe/Gibraltar,STD-1DST-2,M3.5.0/2,M10.5.0/3,0,2025-03-30T01:00:00Z,2025/03/30 3:00:00 +02:00,2,2025-10-26T01:00:00Z,FALSE,2025-03-30T01:00:00Z,TRUE,TRUE,
Europe/Gibraltar,STD-1DST-2,M3.5.0/2,M10.5.0/3,0,2025-10-26T01:00:00Z,2025/10/26 2:00:00 +01:00,1,2025-10-26T01:00:00Z,TRUE,2025-03-30T01:00:00Z,FALSE,TRUE,
Europe/Guernsey,STD-0DST-1,M3.5.0/1,M10.5.0/2,0,2025-03-30T01:00:00Z,2025/03/30 2:00:00 +01:00,1,2025-10-26T01:00:00Z,FALSE,2025-03-30T01:00:00Z,TRUE,TRUE,
Europe/Guernsey,STD-0DST-1,M3.5.0/1,M10.5.0/2,0,2025-10-26T01:00:00Z,2025/10/26 1:00:00 +00:00,0,2025-10-26T01:00:00Z,TRUE,2025-03-30T01:00:00Z,FALSE,TRUE,
Europe/Helsinki,STD-2DST-3,M3.5.0/3,M10.5.0/4,0,2025-03-30T01:00:00Z,2025/03/30 4:00:00 +03:00,3,2025-10-26T01:00:00Z,FALSE,2025-03-30T01:00:00Z,TRUE,TRUE,
Europe/Helsinki,STD-2DST-3,M3.5.0/3,M10.5.0/4,0,2025-10-26T01:00:00Z,2025/10/26 3:00:00 +02:00,2,2025-10-26T01:00:00Z,TRUE,2025-03-30T01:00:00Z,FALSE,TRUE,
Europe/Isle_of_Man,STD-0DST-1,M3.5.0/1,M10.5.0/2,0,2025-03-30T01:00:00Z,2025/03/30 2:00:00 +01:00,1,2025-10-26T01:00:00Z,FALSE,2025-03-30T01:00:00Z,TRUE,TRUE,
Europe/Isle_of_Man,STD-0DST-1,M3.5.0/1,M10.5.0/2,0,2025-10-26T01:00:00Z,2025/10/26 1:00:00 +00:00,0,2025-10-26T01:00:00Z,TRUE,2025-03-30T01:00:00Z,FALSE,TRUE,
Europe/Jersey,STD-0DST-1,M3.5.0/1,M10.5.0/2,0,2025-03-30T01:00:00Z,2025/03/30 2:00:00 +01:00,1,2025-10-26T01:00:00Z,FALSE,2025-03-30T01:00:00Z,TRUE,TRUE,
Europe/Jersey,STD-0DST-1,M3.5.0/1,M10.5.0/2,0,2025-10-26T01:00:00Z,2025/10/26 1:00:00 +00:00,0,2025-10-26T01:00:00Z,TRUE,2025-03-30T01:00:00Z,FALSE,TRUE,
Europe/Kiev,STD-2DST-3,M3.5.0/3,M10.5.0/4,0,2025-03-30T01:00:00Z,2025/03/30 4:00:00 +03:00,3,2025-10-26T01:00:00Z,FALSE,2025-03-30T01:00:00Z,TRUE,TRUE,
Europe/Kiev,STD-2DST-3,M3.5.0/3,M10.5.0/4,0,2025-10-26T01:00:00Z,2025/10/26 3:00:00 +02:00,2,2025-10-26T01:00:00Z,TRUE,2025-03-30T01:00:00Z,FALSE,TRUE,
Europe/Lisbon,STD-0DST-1,M3.5.0/1,M10.5.0/2,0,2025-03-30T01:00:00Z,2025/03/30 2:00:00 +01:00,1,2025-10-26T01:00:00Z,FALSE,2025-03-30T01:00:00Z,TRUE,TRUE,
Europe/Lisbon,STD-0DST-1,M3.5.0/1,M10.5.0/2,0,2025-10-26T01:00:00Z,2025/10/26 1:00:00 +00:00,0,2025-10-26T01:00:00Z,TRUE,2025-03-30T01:00:00Z,FALSE,TRUE,
Europe/Ljubljana,STD-1DST-2,M3.5.0/2,M10.5.0/3,0,2025-03-30T01:00:00Z,2025/03/30 3:00:00 +02:00,2,2025-10-26T01:00:00Z,FALSE,2025-03-30T01:00:00Z,TRUE,TRUE,
Europe/Ljubljana,STD-1DST-2,M3.5.0/2,M10.5.0/3,0,2025-10-26T01:00:00Z,2025/10/26 2:00:00 +01:00,1,2025-10-26T01:00:00Z,TRUE,2025-03-30T01:00:00Z,FALSE,TRUE,
Europe/London,STD-0DST-1,M3.5.0/1,M10.5.0/2,0,2025-03-30T01:00:00Z,2025/03/30 2:00:00 +01:00,1,2025-10-26T01:00:00Z,FALSE,2025-03-30T01:00:00Z,TRUE,TRUE,
Europe/London,STD-0DST-1,M3.5.0/1,M10.5.0/2,0,2025-10-26T01:00:00Z,2025/10/26 1:00:00 +00:00,0,2025-10-26T01:00:00Z,TRUE,2025-03-30T01:00:00Z,FALSE,TRUE,
Europe/Luxembourg,STD-1DST-2,M3.5.0/2,M10.5.0/3,0,2025-03-30T01:00:00Z,2025/03/30 3:00:00 +02:00,2,2025-10-26T01:00:00Z,FALSE,2025-03-30T01:00:00Z,TRUE,TRUE,
Europe/Luxembourg,STD-1DST-2,M3.5.0/2,M10.5.0/3,0,2025-10-26T01:00:00Z,2025/10/26 2:00:00 +01:00,1,2025-10-26T01:00:00Z,TRUE,2025-03-30T01:00:00Z,FALSE,TRUE,
Europe/Madrid,STD-1DST-2,M3.5.0/2,M10.5.0/3,0,2025-03-30T01:00:00Z,2025/03/30 3:00:00 +02:00,2,2025-10-26T01:00:00Z,FALSE,2025-03-30T01:00:00Z,TRUE,TRUE,
Europe/Madrid,STD-1DST-2,M3.5.0/2,M10.5.0/3,0,2025-10-26T01:00:00Z,2025/10/26 2:00:00 +01:00,1,2025-10-26T01:00:00Z,TRUE,2025-03-30T01:00:00Z,FALSE,TRUE,
Europe/Malta,STD-1DST-2,M3.5.0/2,M10.5.0/3,0,2025-03-30T01:00:00Z,2025/03/30 3:00:00 +02:00,2,2025-10-26T01:00:00Z,FALSE,2025-03-30T01:00:00Z,TRUE,TRUE,
Europe/Malta,STD-1DST-2,M3.5.0/2,M10.5.0/3,0,2025-10-26T01:00:00Z,2025/10/26 2:00:00 +01:00,1,2025-10-26T01:00:00Z,TRUE,2025-03-30T01:00:00Z,FALSE,TRUE,
Europe/Mariehamn,STD-2DST-3,M3.5.0/3,M10.5.0/4,0,2025-03-30T01:00:00Z,2025/03/30 4:00:00 +03:00,3,2025-10-26T01:00:00Z,FALSE,2025-03-30T01:00:00Z,TRUE,TRUE,
Europe/Mariehamn,STD-2DST-3,M3.5.0/3,M10.5.0/4,0,2025-10-26T01:00:00Z,2025/10/26 3:00:00 +02:00,2,2025-10-26T01:00:00Z,TRUE,2025-03-30T01:00:00Z,FALSE,TRUE,
Europe/Monaco,STD-1DST-2,M3.5.0/2,M10.5.0/3,0,2025-03-30T01:00:00Z,2025/03/30 3:00:00 +02:00,2,2025-10-26T01:00:00Z,FALSE,2025-03-30T01:00:00Z,TRUE,TRUE,
Europe/Monaco,STD-1DST-2,M3.5.0/2,M10.5.0/3,0,2025-10-26T01:00:00Z,2025/10/26 2:00:00 +01:00,1,2025-10-26T01:00:00Z,TRUE,2025-03-30T01:00:00Z,FALSE,TRUE,
Europe/Nicosia,STD-2DST-3,M3.5.0/3,M10.5.0/4,0,2025-03-30T01:00:00Z,2025/03/30 4:00:00 +03:00,3,2025-10-26T01:00:00Z,FALSE,2025-03-30T01:00:00Z,TRUE,TRUE,
Europe/Nicosia,STD-2DST-3,M3.5.0/3,M10.5.0/4,0,2025-10-26T01:00:00Z,2025/10/26 3:00:00 +02:00,2,2025-10-26T01:00:00Z,TRUE,2025-03-30T01:00:00Z,FALSE,TRUE,
Europe/Oslo,STD-1DST-2,M3.5.0/2,M10.5.0/3,0,2025-03-30T01:00:00Z,2025/03/30 3:00:00 +02:00,2,2025-10-26T01:00:00Z,FALSE,2025-03-30T01:00:00Z,TRUE,TRUE,
Europe/Oslo,STD-1DST-2,M3.5.0/2,M10.5.0/3,0,2025-10-26T01:00:00Z,2025/10/26 2:00:00 +01:00,1,2025-10-26T01:00:00Z,TRUE,2025-03-30T01:00:00Z,FALSE,TRUE,
Europe/Paris,STD-1DST-2,M3.5.0/2,M10.5.0/3,0,2025-03-30T01:00:00Z,2025/03/30 3:00:00 +02:00,2,2025-10-26T01:00:00Z,FALSE,2025-03-30T01:00:00Z,TRUE,TRUE,
Europe/Paris,STD-1DST-2,M3.5.0/2,M10.5.0/3,0,2025-10-26T01:00:00Z,2025/10/26 2:00:00 +01:00,1,2025-10-26T01:00:00Z,TRUE,2025-03-30T01:00:00Z,FALSE,TRUE,
Europe/Podgorica,STD-1DST-2,M3.5.0/2,M10.5.0/3,0,2025-03-30T01:00:00Z,2025/03/30 3:00:00 +02:00,2,2025-10-26T01:00:00Z,FALSE,2025-03-30T01:00:00Z,TRUE,TRUE,
Europe/Podgorica,STD-1DST-2,M3.5.0/2,M10.5.0/3,0,2025-10-26T01:00:00Z,2025/10/26 2:00:00 +01:00,1,2025-10-26T01:00:00Z,TRUE,2025-03-30T01:00:00Z,FALSE,TRUE,
Europe/Prague,STD-1DST-2,M3.5.0/2,M10.5.0/3,0,2025-03-30T01:00:00Z,2025/03/30 3:00:00 +02:00,2,2025-10-26T01:00:00Z,FALSE,2025-03-30T01:00:00Z,TRUE,TRUE,
Europe/Prague,STD-1DST-2,M3.5.0/2,M10.5.0/3,0,2025-10-26T01:00:00Z,2025/10/26 2:00:00 +01:00,1,2025-10-26T01:00:00Z,TRUE,2025-03-30T01:00:00Z,FALSE,TRUE,
Europe/Riga,STD-2DST-3,M3.5.0/3,M10.5.0/4,0,2025-03-30T01:00:00Z,2025/03/30 4:00:00 +03:00,3,2025-10-26T01:00:00Z,FALSE,2025-03-30T01:00:00Z,TRUE,TRUE,
Europe/Riga,STD-2DST-3,M3.5.0/3,M10.5.0/4,0,2025-10-26T01:00:00Z,2025/10/26 3:00:00 +02:00,2,2025-10-26T01:00:00Z,TRUE,2025-03-30T01:00:00Z,FALSE,TRUE,
Europe/Rome,STD-1DST-2,M3.5.0/2,M10.5.0/3,0,2025-03-30T01:00:00Z,2025/03/30 3:00:00 +02:00,2,2025-10-26T01:00:00Z,FALSE,2025-03-30T01:00:00Z,TRUE,TRUE,
Europe/Rome,STD-1DST-2,M3.5.0/2,M10.5.0/3,0,2025-10-26T01:00:00Z,2025/10/26 2:00:00 +01:00,1,2025-10-26T01:00:00Z,TRUE,2025-03-30T01:00:00Z,FALSE,TRUE,
Europe/San_Marino,STD-1DST-2,M3.5.0/2,M10.5.0/3,0,2025-03-30T01:00:00Z,2025/03/30 3:00:00 +02:00,2,2025-10-26T01:00:00Z,FALSE,2025-03-30T01:00:00Z,TRUE,TRUE,
Europe/San_Marino,STD-1DST-2,M3.5.0/2,M10.5.0/3,0,2025-10-26T01:00:00Z,2025/10/26 2:00:00 +01:00,1,2025-10-26T01:00:00Z,TRUE,2025-03-30T01:00:00Z,FALSE,TRUE,
Europe/Sarajevo,STD-1DST-2,M3.5.0/2,M10.5.0/3,0,2025-03-30T01:00:00Z,2025/03/30 3:00:00 +02:00,2,2025-10-26T01:00:00Z,FALSE,2025-03-30T01:00:00Z,TRUE,TRUE,
Europe/Sarajevo,STD-1DST-2,M3.5.0/2,M10.5.0/3,0,2025-10-26T01:00:00Z,2025/10/26 2:00:00 +01:00,1,2025-10-26T01:00:00Z,TRUE,2025-03-30T01:00:00Z,FALSE,TRUE,
Europe/Skopje,STD-1DST-2,M3.5.0/2,M10.5.0/3,0,2025-03-30T01:00:00Z,2025/03/30 3:00:00 +02:00,2,2025-10-26T01:00:00Z,FALSE,2025-03-30T01:00:00Z,TRUE,TRUE,
Europe/Skopje,STD-1DST-2,M3.5.0/2,M10.5.0/3,0,2025-10-26T01:00:00Z,2025/10/26 2:00:00 +01:00,1,2025-10-26T01:00:00Z,TRUE,2025-03-30T01:00:00Z,FALSE,TRUE,
Europe/Sofia,STD-2DST-3,M3.5.0/3,M10.5.0/4,0,2025-03-30T01:00:00Z,2025/03/30 4:00:00 +03:00,3,2025-10-26T01:00:00Z,FALSE,2025-03-30T01:00:00Z,TRUE,TRUE,
Europe/Sofia,STD-2DST-3,M3.5.0/3,M10.5.0/4,0,2025-10-26T01:00:00Z,2025/10/26 3:00:00 +02:00,2,2025-10-26T01:00:00Z,TRUE,2025-03-30T01:00:00Z,FALSE,TRUE,
Europe/Stockholm,STD-1DST-2,M3.5.0/2,M10.5.0/3,0,2025-03-30T01:00:00Z,2025/03/30 3:00:00 +02:00,2,2025-10-26T01:00:00Z,FALSE,2025-03-30T01:00:00Z,TRUE,TRUE,
Europe/Stockholm,STD-1DST-2,M3.5.0/2,M10.5.0/3,0,2025-10-26T01:00:00Z,2025/10/26 2:00:00 +01:00,1,2025-10-26T01:00:00Z,TRUE,2025-03-30T01:00:00Z,FALSE,TRUE,
Europe/Tallinn,STD-2DST-3,M3.5.0/3,M10.5.0/4,0,2025-03-30T01:00:00Z,2025/03/30 4:00:00 +03:00,3,2025-10-26T01:00:00Z,FALSE,2025-03-30T01:00:00Z,TRUE,TRUE,
Europe/Tallinn,STD-2DST-3,M3.5.0/3,M10.5.0/4,0,2025-10-26T01:00:00Z,2025/10/26 3:00:00 +02:00,2,2025-10-26T01:00:00Z,TRUE,2025-03-30T01:00:00Z,FALSE,TRUE,
Europe/Tirane,STD-1DST-2,M3.5.0/2,M10.5.0/3,0,2025-03-30T01:00:00Z,2025/03/30 3:00:00 +02:00,2,2025-10-26T01:00:00Z,FALSE,2025-03-30T01:00:00Z,TRUE,TRUE,
Europe/Tirane,STD-1DST-2,M3.5.0/2,M10.5.0/3,0,2025-10-26T01:00:00Z,2025/10/26 2:00:00 +01:00,1,2025-10-26T01:00:00Z,TRUE,2025-03-30T01:00:00Z,FALSE,TRUE,
Europe/Uzhgorod,STD-2DST-3,M3.5.0/3,M10.5.0/4,0,2025-03-30T01:00:00Z,2025/03/30 4:00:00 +03:00,3,2025-10-26T01:00:00Z,FALSE,2025-03-30T01:00:00Z,TRUE,TRUE,
Europe/Uzhgorod,STD-2DST-3,M3.5.0/3,M10.5.0/4,0,2025-10-26T01:00:00Z,2025/10/26 3:00:00 +02:00,2,2025-10-26T01:00:00Z,TRUE,2025-03-30T01:00:00Z,FALSE,TRUE,
Europe/Vaduz,STD-1DST-2,M3.5.0/2,M10.5.0/3,0,2025-03-30T01:00:00Z,2025/03/30 3:00:00 +02:00,2,2025-10-26T01:00:00Z,FALSE,2025-03-30T01:00:00Z,TRUE,TRUE,
Europe/Vaduz,STD-1DST-2,M3.5.0/2,M10.5.0/3,0,2025-10-26T01:00:00Z,2025/10/26 2:00:00 +01:00,1,2025-10-26T01:00:00Z,TRUE,2025-03-30T01:00:00Z,FALSE,TRUE,
Europe/Vatican,STD-1DST-2,M3.5.0/2,M10.5.0/3,0,2025-03-30T01:00:00Z,2025/03/30 3:00:00 +02:00,2,2025-10-26T01:00:00Z,FALSE,2025-03-30T01:00:00Z,TRUE,TRUE,
Europe/Vatican,STD-1DST-2,M3.5.0/2,M10.5.0/3,0,2025-10-26T01:00:00Z,2025/10/26 2:00:00 +01:00,1,2025-10-26T01:00:00Z,TRUE,2025-03-30T01:00:00Z,FALSE,TRUE,
Europe/Vienna,STD-1DST-2,M3.5.0/2,M10.5.0/3,0,2025-03-30T01:00:00Z,2025/03/30 3:00:00 +02:00,2,2025-10-26T01:00:00Z,FALSE,2025-03-30T01:00:00Z,TRUE,TRUE,
Europe/Vienna,STD-1DST-2,M3.5.0/2,M10.5.0/3,0,2025-10-26T01:00:00Z,2025/10/26 2:00:00 +01:00,1,2025-10-26T01:00:00Z,TRUE,2025-03-30T01:00:00Z,FALSE,TRUE,
Europe/Vilnius,STD-2DST-3,M3.5.0/3,M10.5.0/4,0,2025-03-30T01:00:00Z,2025/03/30 4:00:00 +03:00,3,2025-10-26T01:00:00Z,FALSE,2025-03-30T01:00:00Z,TRUE,TRUE,
Europe/Vilnius,STD-2DST-3,M3.5.0/3,M10.5.0/4,0,2025-10-26T01:00:00Z,2025/10/26 3:00:00 +02:00,2,2025-10-26T01:00:00Z,TRUE,2025-03-30T01:00:00Z,FALSE,TRUE,
Europe/Warsaw,STD-1DST-2,M3.5.0/2,M10.5.0/3,0,2025-03-30T01:00:00Z,2025/03/30 3:00:00 +02:00,2,2025-10-26T01:00:00Z,FALSE,2025-03-30T01:00:00Z,TRUE,TRUE,
Europe/Warsaw,STD-1DST-2,M3.5.0/2,M10.5.0/3,0,2025-10-26T01:00:00Z,2025/10/26 2:00:00 +01:00,1,2025-10-26T01:00:00Z,TRUE,2025-03-30T01:00:00Z,FALSE,TRUE,
Europe/Zagreb,STD-1DST-2,M3.5.0/2,M10.5.0/3,0,2025-03-30T01:00:00Z,2025/03/30 3:00:00 +02:00,2,2025-10-26T01:00:00Z,FALSE,2025-03-30T01:00:00Z,TRUE,TRUE,
Europe/Zagreb,STD-1DST-2,M3.5.0/2,M10.5.0/3,0,2025-10-26T01:00:00Z,2025/10/26 2:00:00 +01:00,1,2025-10-26T01:00:00Z,TRUE,2025-03-30T01:00:00Z,FALSE,TRUE,
Europe/Zaporozhye,STD-2DST-3,M3.5.0/3,M10.5.0/4,0,2025-03-30T01:00:00Z,2025/03/30 4:00:00 +03:00,3,2025-10-26T01:00:00Z,FALSE,2025-03-30T01:00:00Z,TRUE,TRUE,
Europe/Zaporozhye,STD-2DST-3,M3.5.0/3,M10.5.0/4,0,2025-10-26T01:00:00Z,2025/10/26 3:00:00 +02:00,2,2025-10-26T01:00:00Z,TRUE,2025-03-30T01:00:00Z,FALSE,TRUE,
Europe/Zurich,STD-1DST-2,M3.5.0/2,M10.5.0/3,0,2025-03-30T01:00:00Z,2025/03/30 3:00:00 +02:00,2,2025-10-26T01:00:00Z,FALSE,2025-03-30T01:00:00Z,TRUE,TRUE,
Europe/Zurich,STD-1DST-2,M3.5.0/2,M10.5.0/3,0,2025-10-26T01:00:00Z,2025/10/26 2:00:00 +01:00,1,2025-10-26T01:00:00Z,TRUE,2025-03-30T01:00:00Z,FALSE,TRUE,
GB,STD-0DST-1,M3.5.0/1,M10.5.0/2,0,2025-03-30T01:00:00Z,2025/03/30 2:00:00 +01:00,1,2025-10-26T01:00:00Z,FALSE,2025-03-30T01:00:00Z,TRUE,TRUE,
GB,STD-0DST-1,M3.5.0/1,M10.5.0/2,0,2025-10-26T01:00:00Z,2025/10/26 1:00:00 +00:00,0,2025-10-26T01:00:00Z,TRUE,2025-03-30T01:00:00Z,FALSE,TRUE,
GB-Eire,STD-0DST-1,M3.5.0/1,M10.5.0/2,0,2025-03-30T01:00:00Z,2025/03/30 2:00:00 +01:00,1,2025-10-26T01:00:00Z,FALSE,2025-03-30T01:00:00Z,TRUE,TRUE,
GB-Eire,STD-0DST-1,M3.5.0/1,M10.5.0/2,0,2025-10-26T01:00:00Z,2025/10/26 1:00:00 +00:00,0,2025-10-26T01:00:00Z,TRUE,2025-03-30T01:00:00Z,FALSE,TRUE,
Pacific/Easter,STD6DST5,M9.1.0/2,M4.1.0/2,0,2025-04-06T03:00:00Z,2025/04/05 21:00:00 -06:00,-6,2025-09-07T04:00:00Z,FALSE,2025-04-06T03:00:00Z,TRUE,TRUE,
Pacific/Easter,STD6DST5,M9.1.0/2,M4.1.0/2,0,2025-09-07T04:00:00Z,2025/09/06 23:00:00 -05:00,-5,2025-09-07T04:00:00Z,TRUE,2025-04-06T03:00:00Z,FALSE,TRUE,
Poland,STD-1DST-2,M3.5.0/2,M10.5.0/3,0,2025-03-30T01:00:00Z,2025/03/30 3:00:00 +02:00,2,2025-10-26T01:00:00Z,FALSE,2025-03-30T01:00:00Z,TRUE,TRUE,
Poland,STD-1DST-2,M3.5.0/2,M10.5.0/3,0,2025-10-26T01:00:00Z,2025/10/26 2:00:00 +01:00,1,2025-10-26T01:00:00Z,TRUE,2025-03-30T01:00:00Z,FALSE,TRUE,
Portugal,STD-0DST-1,M3.5.0/1,M10.5.0/2,0,2025-03-30T01:00:00Z,2025/03/30 2:00:00 +01:00,1,2025-10-26T01:00:00Z,FALSE,2025-03-30T01:00:00Z,TRUE,TRUE,
Portugal,STD-0DST-1,M3.5.0/1,M10.5.0/2,0,2025-10-26T01:00:00Z,2025/10/26 1:00:00 +00:00,0,2025-10-26T01:00:00Z,TRUE,2025-03-30T01:00:00Z,FALSE,TRUE,
WET,STD-0DST-1,M3.5.0/1,M10.5.0/2,0,2025-03-30T01:00:00Z,2025/03/30 2:00:00 +01:00,1,2025-10-26T01:00:00Z,FALSE,2025-03-30T01:00:00Z,TRUE,TRUE,
WET,STD-0DST-1,M3.5.0/1,M10.5.0/2,0,2025-10-26T01:00:00Z,2025/10/26 1:00:00 +00:00,0,2025-10-26T01:00:00Z,TRUE,2025-03-30T01:00:00Z,FALSE,TRUE,
ECT,STD-1DST-2,M3.5.0/2,M10.5.0/3,0,2025-03-30T01:00:00Z,2025/03/30 3:00:00 +02:00,2,#N/A,#N/A,#N/A,#N/A,#N/A,
ECT,STD-1DST-2,M3.5.0/2,M10.5.0/3,0,2025-10-26T01:00:00Z,2025/10/26 2:00:00 +01:00,1,#N/A,#N/A,#N/A,#N/A,#N/A,
Africa/Cairo,STD-2DST-3,M4.5.5/0,M10.5.5/0,1,2025-04-24T22:00:00Z,2025/04/25 1:00:00 +03:00,3,2025-10-30T21:00:00Z,FALSE,2025-04-24T22:00:00Z,TRUE,TRUE,
Africa/Cairo,STD-2DST-3,M4.5.5/0,M10.5.5/0,1,2025-10-30T21:00:00Z,2025/10/30 23:00:00 +02:00,2,2025-10-30T21:00:00Z,TRUE,2025-04-24T22:00:00Z,FALSE,TRUE,
America/Adak,STD10DST9,M3.2.0/2,M11.1.0/2,1,2025-03-09T12:00:00Z,2025/03/09 3:00:00 -09:00,-9,2025-11-02T11:00:00Z,FALSE,2025-03-09T12:00:00Z,TRUE,TRUE,
America/Adak,STD10DST9,M3.2.0/2,M11.1.0/2,1,2025-11-02T11:00:00Z,2025/11/02 1:00:00 -10:00,-10,2025-11-02T11:00:00Z,TRUE,2025-03-09T12:00:00Z,FALSE,TRUE,
America/Anchorage,STD9DST8,M3.2.0/2,M11.1.0/2,1,2025-03-09T11:00:00Z,2025/03/09 3:00:00 -08:00,-8,2025-11-02T10:00:00Z,FALSE,2025-03-09T11:00:00Z,TRUE,TRUE,
America/Anchorage,STD9DST8,M3.2.0/2,M11.1.0/2,1,2025-11-02T10:00:00Z,2025/11/02 1:00:00 -09:00,-9,2025-11-02T10:00:00Z,TRUE,2025-03-09T11:00:00Z,FALSE,TRUE,
America/Asuncion,STD4DST3,M10.1.0/0,M3.4.0/0,1,2025-03-23T03:00:00Z,2025/03/22 23:00:00 -04:00,-4,2025-10-05T04:00:00Z,FALSE,2025-03-23T03:00:00Z,TRUE,TRUE,
America/Asuncion,STD4DST3,M10.1.0/0,M3.4.0/0,1,2025-10-05T04:00:00Z,2025/10/05 1:00:00 -03:00,-3,2025-10-05T04:00:00Z,TRUE,2025-03-23T03:00:00Z,FALSE,TRUE,
America/Atka,STD10DST9,M3.2.0/2,M11.1.0/2,1,2025-03-09T12:00:00Z,2025/03/09 3:00:00 -09:00,-9,2025-11-02T11:00:00Z,FALSE,2025-03-09T12:00:00Z,TRUE,TRUE,
America/Atka,STD10DST9,M3.2.0/2,M11.1.0/2,1,2025-11-02T11:00:00Z,2025/11/02 1:00:00 -10:00,-10,2025-11-02T11:00:00Z,TRUE,2025-03-09T12:00:00Z,FALSE,TRUE,
America/Boise,STD7DST6,M3.2.0/2,M11.1.0/2,1,2025-03-09T09:00:00Z,2025/03/09 3:00:00 -06:00,-6,2025-11-02T08:00:00Z,FALSE,2025-03-09T09:00:00Z,TRUE,TRUE,
America/Boise,STD7DST6,M3.2.0/2,M11.1.0/2,1,2025-11-02T08:00:00Z,2025/11/02 1:00:00 -07:00,-7,2025-11-02T08:00:00Z,TRUE,2025-03-09T09:00:00Z,FALSE,TRUE,
America/Cambridge_Bay,STD7DST6,M3.2.0/2,M11.1.0/2,1,2025-03-09T09:00:00Z,2025/03/09 3:00:00 -06:00,-6,2025-11-02T08:00:00Z,FALSE,2025-03-09T09:00:00Z,TRUE,TRUE,
America/Cambridge_Bay,STD7DST6,M3.2.0/2,M11.1.0/2,1,2025-11-02T08:00:00Z,2025/11/02 1:00:00 -07:00,-7,2025-11-02T08:00:00Z,TRUE,2025-03-09T09:00:00Z,FALSE,TRUE,
America/Chicago,STD6DST5,M3.2.0/2,M11.1.0/2,1,2025-03-09T08:00:00Z,2025/03/09 3:00:00 -05:00,-5,2025-11-02T07:00:00Z,FALSE,2025-03-09T08:00:00Z,TRUE,TRUE,
America/Chicago,STD6DST5,M3.2.0/2,M11.1.0/2,1,2025-11-02T07:00:00Z,2025/11/02 1:00:00 -06:00,-6,2025-11-02T07:00:00Z,TRUE,2025-03-09T08:00:00Z,FALSE,TRUE,
America/Denver,STD7DST6,M3.2.0/2,M11.1.0/2,1,2025-03-09T09:00:00Z,2025/03/09 3:00:00 -06:00,-6,2025-11-02T08:00:00Z,FALSE,2025-03-09T09:00:00Z,TRUE,TRUE,
America/Denver,STD7DST6,M3.2.0/2,M11.1.0/2,1,2025-11-02T08:00:00Z,2025/11/02 1:00:00 -07:00,-7,2025-11-02T08:00:00Z,TRUE,2025-03-09T09:00:00Z,FALSE,TRUE,
America/Detroit,STD5DST4,M3.2.0/2,M11.1.0/2,1,2025-03-09T07:00:00Z,2025/03/09 3:00:00 -04:00,-4,2025-11-02T06:00:00Z,FALSE,2025-03-09T07:00:00Z,TRUE,TRUE,
America/Detroit,STD5DST4,M3.2.0/2,M11.1.0/2,1,2025-11-02T06:00:00Z,2025/11/02 1:00:00 -05:00,-5,2025-11-02T06:00:00Z,TRUE,2025-03-09T07:00:00Z,FALSE,TRUE,
America/Edmonton,STD7DST6,M3.2.0/2,M11.1.0/2,1,2025-03-09T09:00:00Z,2025/03/09 3:00:00 -06:00,-6,2025-11-02T08:00:00Z,FALSE,2025-03-09T09:00:00Z,TRUE,TRUE,
America/Edmonton,STD7DST6,M3.2.0/2,M11.1.0/2,1,2025-11-02T08:00:00Z,2025/11/02 1:00:00 -07:00,-7,2025-11-02T08:00:00Z,TRUE,2025-03-09T09:00:00Z,FALSE,TRUE,
America/Ensenada,STD8DST7,M3.2.0/2,M11.1.0/2,1,2025-03-09T10:00:00Z,2025/03/09 3:00:00 -07:00,-7,2025-11-02T09:00:00Z,FALSE,2025-03-09T10:00:00Z,TRUE,TRUE,
America/Ensenada,STD8DST7,M3.2.0/2,M11.1.0/2,1,2025-11-02T09:00:00Z,2025/11/02 1:00:00 -08:00,-8,2025-11-02T09:00:00Z,TRUE,2025-03-09T10:00:00Z,FALSE,TRUE,
America/Fort_Wayne,STD5DST4,M3.2.0/2,M11.1.0/2,1,2025-03-09T07:00:00Z,2025/03/09 3:00:00 -04:00,-4,2025-11-02T06:00:00Z,FALSE,2025-03-09T07:00:00Z,TRUE,TRUE,
America/Fort_Wayne,STD5DST4,M3.2.0/2,M11.1.0/2,1,2025-11-02T06:00:00Z,2025/11/02 1:00:00 -05:00,-5,2025-11-02T06:00:00Z,TRUE,2025-03-09T07:00:00Z,FALSE,TRUE,
America/Glace_Bay,STD4DST3,M3.2.0/2,M11.1.0/2,1,2025-03-09T06:00:00Z,2025/03/09 3:00:00 -03:00,-3,2025-11-02T05:00:00Z,FALSE,2025-03-09T06:00:00Z,TRUE,TRUE,
America/Glace_Bay,STD4DST3,M3.2.0/2,M11.1.0/2,1,2025-11-02T05:00:00Z,2025/11/02 1:00:00 -04:00,-4,2025-11-02T05:00:00Z,TRUE,2025-03-09T06:00:00Z,FALSE,TRUE,
America/Goose_Bay,STD4DST3,M3.2.0/2,M11.1.0/2,1,2025-03-09T06:00:00Z,2025/03/09 3:00:00 -03:00,-3,2025-11-02T05:00:00Z,FALSE,2025-03-09T06:00:00Z,TRUE,TRUE,
America/Goose_Bay,STD4DST3,M3.2.0/2,M11.1.0/2,1,2025-11-02T05:00:00Z,2025/11/02 1:00:00 -04:00,-4,2025-11-02T05:00:00Z,TRUE,2025-03-09T06:00:00Z,FALSE,TRUE,
America/Grand_Turk,STD5DST4,M3.2.0/2,M11.1.0/2,1,2025-03-09T07:00:00Z,2025/03/09 3:00:00 -04:00,-4,2025-11-02T06:00:00Z,FALSE,2025-03-09T07:00:00Z,TRUE,TRUE,
America/Grand_Turk,STD5DST4,M3.2.0/2,M11.1.0/2,1,2025-11-02T06:00:00Z,2025/11/02 1:00:00 -05:00,-5,2025-11-02T06:00:00Z,TRUE,2025-03-09T07:00:00Z,FALSE,TRUE,
America/Halifax,STD4DST3,M3.2.0/2,M11.1.0/2,1,2025-03-09T06:00:00Z,2025/03/09 3:00:00 -03:00,-3,2025-11-02T05:00:00Z,FALSE,2025-03-09T06:00:00Z,TRUE,TRUE,
America/Halifax,STD4DST3,M3.2.0/2,M11.1.0/2,1,2025-11-02T05:00:00Z,2025/11/02 1:00:00 -04:00,-4,2025-11-02T05:00:00Z,TRUE,2025-03-09T06:00:00Z,FALSE,TRUE,
America/Indiana/Indianapolis,STD5DST4,M3.2.0/2,M11.1.0/2,1,2025-03-09T07:00:00Z,2025/03/09 3:00:00 -04:00,-4,2025-11-02T06:00:00Z,FALSE,2025-03-09T07:00:00Z,TRUE,TRUE,
America/Indiana/Indianapolis,STD5DST4,M3.2.0/2,M11.1.0/2,1,2025-11-02T06:00:00Z,2025/11/02 1:00:00 -05:00,-5,2025-11-02T06:00:00Z,TRUE,2025-03-09T07:00:00Z,FALSE,TRUE,
America/Indiana/Knox,STD6DST5,M3.2.0/2,M11.1.0/2,1,2025-03-09T08:00:00Z,2025/03/09 3:00:00 -05:00,-5,2025-11-02T07:00:00Z,FALSE,2025-03-09T08:00:00Z,TRUE,TRUE,
America/Indiana/Knox,STD6DST5,M3.2.0/2,M11.1.0/2,1,2025-11-02T07:00:00Z,2025/11/02 1:00:00 -06:00,-6,2025-11-02T07:00:00Z,TRUE,2025-03-09T08:00:00Z,FALSE,TRUE,
America/Indiana/Marengo,STD5DST4,M3.2.0/2,M11.1.0/2,1,2025-03-09T07:00:00Z,2025/03/09 3:00:00 -04:00,-4,2025-11-02T06:00:00Z,FALSE,2025-03-09T07:00:00Z,TRUE,TRUE,
America/Indiana/Marengo,STD5DST4,M3.2.0/2,M11.1.0/2,1,2025-11-02T06:00:00Z,2025/11/02 1:00:00 -05:00,-5,2025-11-02T06:00:00Z,TRUE,2025-03-09T07:00:00Z,FALSE,TRUE,
America/Indiana/Petersburg,STD5DST4,M3.2.0/2,M11.1.0/2,1,2025-03-09T07:00:00Z,2025/03/09 3:00:00 -04:00,-4,2025-11-02T06:00:00Z,FALSE,2025-03-09T07:00:00Z,TRUE,TRUE,
America/Indiana/Petersburg,STD5DST4,M3.2.0/2,M11.1.0/2,1,2025-11-02T06:00:00Z,2025/11/02 1:00:00 -05:00,-5,2025-11-02T06:00:00Z,TRUE,2025-03-09T07:00:00Z,FALSE,TRUE,
America/Indiana/Tell_City,STD6DST5,M3.2.0/2,M11.1.0/2,1,2025-03-09T08:00:00Z,2025/03/09 3:00:00 -05:00,-5,2025-11-02T07:00:00Z,FALSE,2025-03-09T08:00:00Z,TRUE,TRUE,
America/Indiana/Tell_City,STD6DST5,M3.2.0/2,M11.1.0/2,1,2025-11-02T07:00:00Z,2025/11/02 1:00:00 -06:00,-6,2025-11-02T07:00:00Z,TRUE,2025-03-09T08:00:00Z,FALSE,TRUE,
America/Indiana/Vevay,STD5DST4,M3.2.0/2,M11.1.0/2,1,2025-03-09T07:00:00Z,2025/03/09 3:00:00 -04:00,-4,2025-11-02T06:00:00Z,FALSE,2025-03-09T07:00:00Z,TRUE,TRUE,
America/Indiana/Vevay,STD5DST4,M3.2.0/2,M11.1.0/2,1,2025-11-02T06:00:00Z,2025/11/02 1:00:00 -05:00,-5,2025-11-02T06:00:00Z,TRUE,2025-03-09T07:00:00Z,FALSE,TRUE,
America/Indiana/Vincennes,STD5DST4,M3.2.0/2,M11.1.0/2,1,2025-03-09T07:00:00Z,2025/03/09 3:00:00 -04:00,-4,2025-11-02T06:00:00Z,FALSE,2025-03-09T07:00:00Z,TRUE,TRUE,
America/Indiana/Vincennes,STD5DST4,M3.2.0/2,M11.1.0/2,1,2025-11-02T06:00:00Z,2025/11/02 1:00:00 -05:00,-5,2025-11-02T06:00:00Z,TRUE,2025-03-09T07:00:00Z,FALSE,TRUE,
America/Indiana/Winamac,STD5DST4,M3.2.0/2,M11.1.0/2,1,2025-03-09T07:00:00Z,2025/03/09 3:00:00 -04:00,-4,2025-11-02T06:00:00Z,FALSE,2025-03-09T07:00:00Z,TRUE,TRUE,
America/Indiana/Winamac,STD5DST4,M3.2.0/2,M11.1.0/2,1,2025-11-02T06:00:00Z,2025/11/02 1:00:00 -05:00,-5,2025-11-02T06:00:00Z,TRUE,2025-03-09T07:00:00Z,FALSE,TRUE,
America/Indianapolis,STD5DST4,M3.2.0/2,M11.1.0/2,1,2025-03-09T07:00:00Z,2025/03/09 3:00:00 -04:00,-4,2025-11-02T06:00:00Z,FALSE,2025-03-09T07:00:00Z,TRUE,TRUE,
America/Indianapolis,STD5DST4,M3.2.0/2,M11.1.0/2,1,2025-11-02T06:00:00Z,2025/11/02 1:00:00 -05:00,-5,2025-11-02T06:00:00Z,TRUE,2025-03-09T07:00:00Z,FALSE,TRUE,
America/Inuvik,STD7DST6,M3.2.0/2,M11.1.0/2,1,2025-03-09T09:00:00Z,2025/03/09 3:00:00 -06:00,-6,2025-11-02T08:00:00Z,FALSE,2025-03-09T09:00:00Z,TRUE,TRUE,
America/Inuvik,STD7DST6,M3.2.0/2,M11.1.0/2,1,2025-11-02T08:00:00Z,2025/11/02 1:00:00 -07:00,-7,2025-11-02T08:00:00Z,TRUE,2025-03-09T09:00:00Z,FALSE,TRUE,
America/Iqaluit,STD5DST4,M3.2.0/2,M11.1.0/2,1,2025-03-09T07:00:00Z,2025/03/09 3:00:00 -04:00,-4,2025-11-02T06:00:00Z,FALSE,2025-03-09T07:00:00Z,TRUE,TRUE,
America/Iqaluit,STD5DST4,M3.2.0/2,M11.1.0/2,1,2025-11-02T06:00:00Z,2025/11/02 1:00:00 -05:00,-5,2025-11-02T06:00:00Z,TRUE,2025-03-09T07:00:00Z,FALSE,TRUE,
America/Juneau,STD9DST8,M3.2.0/2,M11.1.0/2,1,2025-03-09T11:00:00Z,2025/03/09 3:00:00 -08:00,-8,2025-11-02T10:00:00Z,FALSE,2025-03-09T11:00:00Z,TRUE,TRUE,
America/Juneau,STD9DST8,M3.2.0/2,M11.1.0/2,1,2025-11-02T10:00:00Z,2025/11/02 1:00:00 -09:00,-9,2025-11-02T10:00:00Z,TRUE,2025-03-09T11:00:00Z,FALSE,TRUE,
America/Kentucky/Louisville,STD5DST4,M3.2.0/2,M11.1.0/2,1,2025-03-09T07:00:00Z,2025/03/09 3:00:00 -04:00,-4,2025-11-02T06:00:00Z,FALSE,2025-03-09T07:00:00Z,TRUE,TRUE,
America/Kentucky/Louisville,STD5DST4,M3.2.0/2,M11.1.0/2,1,2025-11-02T06:00:00Z,2025/11/02 1:00:00 -05:00,-5,2025-11-02T06:00:00Z,TRUE,2025-03-09T07:00:00Z,FALSE,TRUE,
America/Kentucky/Monticello,STD5DST4,M3.2.0/2,M11.1.0/2,1,2025-03-09T07:00:00Z,2025/03/09 3:00:00 -04:00,-4,2025-11-02T06:00:00Z,FALSE,2025-03-09T07:00:00Z,TRUE,TRUE,
America/Kentucky/Monticello,STD5DST4,M3.2.0/2,M11.1.0/2,1,2025-11-02T06:00:00Z,2025/11/02 1:00:00 -05:00,-5,2025-11-02T06:00:00Z,TRUE,2025-03-09T07:00:00Z,FALSE,TRUE,
America/Knox_IN,STD6DST5,M3.2.0/2,M11.1.0/2,1,2025-03-09T08:00:00Z,2025/03/09 3:00:00 -05:00,-5,2025-11-02T07:00:00Z,FALSE,2025-03-09T08:00:00Z,TRUE,TRUE,
America/Knox_IN,STD6DST5,M3.2.0/2,M11.1.0/2,1,2025-11-02T07:00:00Z,2025/11/02 1:00:00 -06:00,-6,2025-11-02T07:00:00Z,TRUE,2025-03-09T08:00:00Z,FALSE,TRUE,
America/Los_Angeles,STD8DST7,M3.2.0/2,M11.1.0/2,1,2025-03-09T10:00:00Z,2025/03/09 3:00:00 -07:00,-7,2025-11-02T09:00:00Z,FALSE,2025-03-09T10:00:00Z,TRUE,TRUE,
America/Los_Angeles,STD8DST7,M3.2.0/2,M11.1.0/2,1,2025-11-02T09:00:00Z,2025/11/02 1:00:00 -08:00,-8,2025-11-02T09:00:00Z,TRUE,2025-03-09T10:00:00Z,FALSE,TRUE,
America/Louisville,STD5DST4,M3.2.0/2,M11.1.0/2,1,2025-03-09T07:00:00Z,2025/03/09 3:00:00 -04:00,-4,2025-11-02T06:00:00Z,FALSE,2025-03-09T07:00:00Z,TRUE,TRUE,
America/Louisville,STD5DST4,M3.2.0/2,M11.1.0/2,1,2025-11-02T06:00:00Z,2025/11/02 1:00:00 -05:00,-5,2025-11-02T06:00:00Z,TRUE,2025-03-09T07:00:00Z,FALSE,TRUE,
America/Matamoros,STD6DST5,M3.2.0/2,M11.1.0/2,1,2025-03-09T08:00:00Z,2025/03/09 3:00:00 -05:00,-5,2025-11-02T07:00:00Z,FALSE,2025-03-09T08:00:00Z,TRUE,TRUE,
America/Matamoros,STD6DST5,M3.2.0/2,M11.1.0/2,1,2025-11-02T07:00:00Z,2025/11/02 1:00:00 -06:00,-6,2025-11-02T07:00:00Z,TRUE,2025-03-09T08:00:00Z,FALSE,TRUE,
America/Menominee,STD6DST5,M3.2.0/2,M11.1.0/2,1,2025-03-09T08:00:00Z,2025/03/09 3:00:00 -05:00,-5,2025-11-02T07:00:00Z,FALSE,2025-03-09T08:00:00Z,TRUE,TRUE,
America/Menominee,STD6DST5,M3.2.0/2,M11.1.0/2,1,2025-11-02T07:00:00Z,2025/11/02 1:00:00 -06:00,-6,2025-11-02T07:00:00Z,TRUE,2025-03-09T08:00:00Z,FALSE,TRUE,
America/Metlakatla,STD9DST8,M3.2.0/2,M11.1.0/2,1,2025-03-09T11:00:00Z,2025/03/09 3:00:00 -08:00,-8,2025-11-02T10:00:00Z,FALSE,2025-03-09T11:00:00Z,TRUE,TRUE,
America/Metlakatla,STD9DST8,M3.2.0/2,M11.1.0/2,1,2025-11-02T10:00:00Z,2025/11/02 1:00:00 -09:00,-9,2025-11-02T10:00:00Z,TRUE,2025-03-09T11:00:00Z,FALSE,TRUE,
America/Miquelon,STD3DST2,M3.2.0/2,M11.1.0/2,1,2025-03-09T05:00:00Z,2025/03/09 3:00:00 -02:00,-2,2025-11-02T04:00:00Z,FALSE,2025-03-09T05:00:00Z,TRUE,TRUE,
America/Miquelon,STD3DST2,M3.2.0/2,M11.1.0/2,1,2025-11-02T04:00:00Z,2025/11/02 1:00:00 -03:00,-3,2025-11-02T04:00:00Z,TRUE,2025-03-09T05:00:00Z,FALSE,TRUE,
America/Moncton,STD4DST3,M3.2.0/2,M11.1.0/2,1,2025-03-09T06:00:00Z,2025/03/09 3:00:00 -03:00,-3,2025-11-02T05:00:00Z,FALSE,2025-03-09T06:00:00Z,TRUE,TRUE,
America/Moncton,STD4DST3,M3.2.0/2,M11.1.0/2,1,2025-11-02T05:00:00Z,2025/11/02 1:00:00 -04:00,-4,2025-11-02T05:00:00Z,TRUE,2025-03-09T06:00:00Z,FALSE,TRUE,
America/Montreal,STD5DST4,M3.2.0/2,M11.1.0/2,1,2025-03-09T07:00:00Z,2025/03/09 3:00:00 -04:00,-4,2025-11-02T06:00:00Z,FALSE,2025-03-09T07:00:00Z,TRUE,TRUE,
America/Montreal,STD5DST4,M3.2.0/2,M11.1.0/2,1,2025-11-02T06:00:00Z,2025/11/02 1:00:00 -05:00,-5,2025-11-02T06:00:00Z,TRUE,2025-03-09T07:00:00Z,FALSE,TRUE,
America/Nassau,STD5DST4,M3.2.0/2,M11.1.0/2,1,2025-03-09T07:00:00Z,2025/03/09 3:00:00 -04:00,-4,2025-11-02T06:00:00Z,FALSE,2025-03-09T07:00:00Z,TRUE,TRUE,
America/Nassau,STD5DST4,M3.2.0/2,M11.1.0/2,1,2025-11-02T06:00:00Z,2025/11/02 1:00:00 -05:00,-5,2025-11-02T06:00:00Z,TRUE,2025-03-09T07:00:00Z,FALSE,TRUE,
America/New_York,STD5DST4,M3.2.0/2,M11.1.0/2,1,2025-03-09T07:00:00Z,2025/03/09 3:00:00 -04:00,-4,2025-11-02T06:00:00Z,FALSE,2025-03-09T07:00:00Z,TRUE,TRUE,
America/New_York,STD5DST4,M3.2.0/2,M11.1.0/2,1,2025-11-02T06:00:00Z,2025/11/02 1:00:00 -05:00,-5,2025-11-02T06:00:00Z,TRUE,2025-03-09T07:00:00Z,FALSE,TRUE,
America/Nipigon,STD5DST4,M3.2.0/2,M11.1.0/2,1,2025-03-09T07:00:00Z,2025/03/09 3:00:00 -04:00,-4,2025-11-02T06:00:00Z,FALSE,2025-03-09T07:00:00Z,TRUE,TRUE,
America/Nipigon,STD5DST4,M3.2.0/2,M11.1.0/2,1,2025-11-02T06:00:00Z,2025/11/02 1:00:00 -05:00,-5,2025-11-02T06:00:00Z,TRUE,2025-03-09T07:00:00Z,FALSE,TRUE,
America/Nome,STD9DST8,M3.2.0/2,M11.1.0/2,1,2025-03-09T11:00:00Z,2025/03/09 3:00:00 -08:00,-8,2025-11-02T10:00:00Z,FALSE,2025-03-09T11:00:00Z,TRUE,TRUE,
America/Nome,STD9DST8,M3.2.0/2,M11.1.0/2,1,2025-11-02T10:00:00Z,2025/11/02 1:00:00 -09:00,-9,2025-11-02T10:00:00Z,TRUE,2025-03-09T11:00:00Z,FALSE,TRUE,
America/North_Dakota/Beulah,STD6DST5,M3.2.0/2,M11.1.0/2,1,2025-03-09T08:00:00Z,2025/03/09 3:00:00 -05:00,-5,2025-11-02T07:00:00Z,FALSE,2025-03-09T08:00:00Z,TRUE,TRUE,
America/North_Dakota/Beulah,STD6DST5,M3.2.0/2,M11.1.0/2,1,2025-11-02T07:00:00Z,2025/11/02 1:00:00 -06:00,-6,2025-11-02T07:00:00Z,TRUE,2025-03-09T08:00:00Z,FALSE,TRUE,
America/North_Dakota/Center,STD6DST5,M3.2.0/2,M11.1.0/2,1,2025-03-09T08:00:00Z,2025/03/09 3:00:00 -05:00,-5,2025-11-02T07:00:00Z,FALSE,2025-03-09T08:00:00Z,TRUE,TRUE,
America/North_Dakota/Center,STD6DST5,M3.2.0/2,M11.1.0/2,1,2025-11-02T07:00:00Z,2025/11/02 1:00:00 -06:00,-6,2025-11-02T07:00:00Z,TRUE,2025-03-09T08:00:00Z,FALSE,TRUE,
America/North_Dakota/New_Salem,STD6DST5,M3.2.0/2,M11.1.0/2,1,2025-03-09T08:00:00Z,2025/03/09 3:00:00 -05:00,-5,2025-11-02T07:00:00Z,FALSE,2025-03-09T08:00:00Z,TRUE,TRUE,
America/North_Dakota/New_Salem,STD6DST5,M3.2.0/2,M11.1.0/2,1,2025-11-02T07:00:00Z,2025/11/02 1:00:00 -06:00,-6,2025-11-02T07:00:00Z,TRUE,2025-03-09T08:00:00Z,FALSE,TRUE,
America/Ojinaga,STD6DST5,M3.2.0/2,M11.1.0/2,1,2025-03-09T08:00:00Z,2025/03/09 3:00:00 -05:00,-5,2025-11-02T07:00:00Z,FALSE,2025-03-09T08:00:00Z,TRUE,TRUE,
America/Ojinaga,STD6DST5,M3.2.0/2,M11.1.0/2,1,2025-11-02T07:00:00Z,2025/11/02 1:00:00 -06:00,-6,2025-11-02T07:00:00Z,TRUE,2025-03-09T08:00:00Z,FALSE,TRUE,
America/Pangnirtung,STD5DST4,M3.2.0/2,M11.1.0/2,1,2025-03-09T07:00:00Z,2025/03/09 3:00:00 -04:00,-4,2025-11-02T06:00:00Z,FALSE,2025-03-09T07:00:00Z,TRUE,TRUE,
America/Pangnirtung,STD5DST4,M3.2.0/2,M11.1.0/2,1,2025-11-02T06:00:00Z,2025/11/02 1:00:00 -05:00,-5,2025-11-02T06:00:00Z,TRUE,2025-03-09T07:00:00Z,FALSE,TRUE,
America/Port-au-Prince,STD5DST4,M3.2.0/2,M11.1.0/2,1,2025-03-09T07:00:00Z,2025/03/09 3:00:00 -04:00,-4,2025-11-02T06:00:00Z,FALSE,2025-03-09T07:00:00Z,TRUE,TRUE,
America/Port-au-Prince,STD5DST4,M3.2.0/2,M11.1.0/2,1,2025-11-02T06:00:00Z,2025/11/02 1:00:00 -05:00,-5,2025-11-02T06:00:00Z,TRUE,2025-03-09T07:00:00Z,FALSE,TRUE,
America/Rainy_River,STD6DST5,M3.2.0/2,M11.1.0/2,1,2025-03-09T08:00:00Z,2025/03/09 3:00:00 -05:00,-5,2025-11-02T07:00:00Z,FALSE,2025-03-09T08:00:00Z,TRUE,TRUE,
America/Rainy_River,STD6DST5,M3.2.0/2,M11.1.0/2,1,2025-11-02T07:00:00Z,2025/11/02 1:00:00 -06:00,-6,2025-11-02T07:00:00Z,TRUE,2025-03-09T08:00:00Z,FALSE,TRUE,
America/Rankin_Inlet,STD6DST5,M3.2.0/2,M11.1.0/2,1,2025-03-09T08:00:00Z,2025/03/09 3:00:00 -05:00,-5,2025-11-02T07:00:00Z,FALSE,2025-03-09T08:00:00Z,TRUE,TRUE,
America/Rankin_Inlet,STD6DST5,M3.2.0/2,M11.1.0/2,1,2025-11-02T07:00:00Z,2025/11/02 1:00:00 -06:00,-6,2025-11-02T07:00:00Z,TRUE,2025-03-09T08:00:00Z,FALSE,TRUE,
America/Resolute,STD6DST5,M3.2.0/2,M11.1.0/2,1,2025-03-09T08:00:00Z,2025/03/09 3:00:00 -05:00,-5,2025-11-02T07:00:00Z,FALSE,2025-03-09T08:00:00Z,TRUE,TRUE,
America/Resolute,STD6DST5,M3.2.0/2,M11.1.0/2,1,2025-11-02T07:00:00Z,2025/11/02 1:00:00 -06:00,-6,2025-11-02T07:00:00Z,TRUE,2025-03-09T08:00:00Z,FALSE,TRUE,
America/Santa_Isabel,STD8DST7,M3.2.0/2,M11.1.0/2,1,2025-03-09T10:00:00Z,2025/03/09 3:00:00 -07:00,-7,2025-11-02T09:00:00Z,FALSE,2025-03-09T10:00:00Z,TRUE,TRUE,
America/Santa_Isabel,STD8DST7,M3.2.0/2,M11.1.0/2,1,2025-11-02T09:00:00Z,2025/11/02 1:00:00 -08:00,-8,2025-11-02T09:00:00Z,TRUE,2025-03-09T10:00:00Z,FALSE,TRUE,
America/Shiprock,STD7DST6,M3.2.0/2,M11.1.0/2,1,2025-03-09T09:00:00Z,2025/03/09 3:00:00 -06:00,-6,2025-11-02T08:00:00Z,FALSE,2025-03-09T09:00:00Z,TRUE,TRUE,
America/Shiprock,STD7DST6,M3.2.0/2,M11.1.0/2,1,2025-11-02T08:00:00Z,2025/11/02 1:00:00 -07:00,-7,2025-11-02T08:00:00Z,TRUE,2025-03-09T09:00:00Z,FALSE,TRUE,
America/Sitka,STD9DST8,M3.2.0/2,M11.1.0/2,1,2025-03-09T11:00:00Z,2025/03/09 3:00:00 -08:00,-8,2025-11-02T10:00:00Z,FALSE,2025-03-09T11:00:00Z,TRUE,TRUE,
America/Sitka,STD9DST8,M3.2.0/2,M11.1.0/2,1,2025-11-02T10:00:00Z,2025/11/02 1:00:00 -09:00,-9,2025-11-02T10:00:00Z,TRUE,2025-03-09T11:00:00Z,FALSE,TRUE,
America/St_Johns,STD3DST2,M3.2.0/2,M11.1.0/2,1,2025-03-09T05:30:00Z,2025/03/09 3:00:00 -02:30,-2.5,2025-11-02T04:30:00Z,FALSE,2025-03-09T05:30:00Z,TRUE,TRUE,
America/St_Johns,STD3DST2,M3.2.0/2,M11.1.0/2,1,2025-11-02T04:30:00Z,2025/11/02 1:00:00 -03:30,-3.5,2025-11-02T04:30:00Z,TRUE,2025-03-09T05:30:00Z,FALSE,TRUE,
America/Thule,STD4DST3,M3.2.0/2,M11.1.0/2,1,2025-03-09T06:00:00Z,2025/03/09 3:00:00 -03:00,-3,2025-11-02T05:00:00Z,FALSE,2025-03-09T06:00:00Z,TRUE,TRUE,
America/Thule,STD4DST3,M3.2.0/2,M11.1.0/2,1,2025-11-02T05:00:00Z,2025/11/02 1:00:00 -04:00,-4,2025-11-02T05:00:00Z,TRUE,2025-03-09T06:00:00Z,FALSE,TRUE,
America/Thunder_Bay,STD5DST4,M3.2.0/2,M11.1.0/2,1,2025-03-09T07:00:00Z,2025/03/09 3:00:00 -04:00,-4,2025-11-02T06:00:00Z,FALSE,2025-03-09T07:00:00Z,TRUE,TRUE,
America/Thunder_Bay,STD5DST4,M3.2.0/2,M11.1.0/2,1,2025-11-02T06:00:00Z,2025/11/02 1:00:00 -05:00,-5,2025-11-02T06:00:00Z,TRUE,2025-03-09T07:00:00Z,FALSE,TRUE,
America/Tijuana,STD8DST7,M3.2.0/2,M11.1.0/2,1,2025-03-09T10:00:00Z,2025/03/09 3:00:00 -07:00,-7,2025-11-02T09:00:00Z,FALSE,2025-03-09T10:00:00Z,TRUE,TRUE,
America/Tijuana,STD8DST7,M3.2.0/2,M11.1.0/2,1,2025-11-02T09:00:00Z,2025/11/02 1:00:00 -08:00,-8,2025-11-02T09:00:00Z,TRUE,2025-03-09T10:00:00Z,FALSE,TRUE,
America/Toronto,STD5DST4,M3.2.0/2,M11.1.0/2,1,2025-03-09T07:00:00Z,2025/03/09 3:00:00 -04:00,-4,2025-11-02T06:00:00Z,FALSE,2025-03-09T07:00:00Z,TRUE,TRUE,
America/Toronto,STD5DST4,M3.2.0/2,M11.1.0/2,1,2025-11-02T06:00:00Z,2025/11/02 1:00:00 -05:00,-5,2025-11-02T06:00:00Z,TRUE,2025-03-09T07:00:00Z,FALSE,TRUE,
America/Vancouver,STD8DST7,M3.2.0/2,M11.1.0/2,1,2025-03-09T10:00:00Z,2025/03/09 3:00:00 -07:00,-7,2025-11-02T09:00:00Z,FALSE,2025-03-09T10:00:00Z,TRUE,TRUE,
America/Vancouver,STD8DST7,M3.2.0/2,M11.1.0/2,1,2025-11-02T09:00:00Z,2025/11/02 1:00:00 -08:00,-8,2025-11-02T09:00:00Z,TRUE,2025-03-09T10:00:00Z,FALSE,TRUE,
America/Winnipeg,STD6DST5,M3.2.0/2,M11.1.0/2,1,2025-03-09T08:00:00Z,2025/03/09 3:00:00 -05:00,-5,2025-11-02T07:00:00Z,FALSE,2025-03-09T08:00:00Z,TRUE,TRUE,
America/Winnipeg,STD6DST5,M3.2.0/2,M11.1.0/2,1,2025-11-02T07:00:00Z,2025/11/02 1:00:00 -06:00,-6,2025-11-02T07:00:00Z,TRUE,2025-03-09T08:00:00Z,FALSE,TRUE,
America/Yakutat,STD9DST8,M3.2.0/2,M11.1.0/2,1,2025-03-09T11:00:00Z,2025/03/09 3:00:00 -08:00,-8,2025-11-02T10:00:00Z,FALSE,2025-03-09T11:00:00Z,TRUE,TRUE,
America/Yakutat,STD9DST8,M3.2.0/2,M11.1.0/2,1,2025-11-02T10:00:00Z,2025/11/02 1:00:00 -09:00,-9,2025-11-02T10:00:00Z,TRUE,2025-03-09T11:00:00Z,FALSE,TRUE,
America/Yellowknife,STD7DST6,M3.2.0/2,M11.1.0/2,1,2025-03-09T09:00:00Z,2025/03/09 3:00:00 -06:00,-6,2025-11-02T08:00:00Z,FALSE,2025-03-09T09:00:00Z,TRUE,TRUE,
America/Yellowknife,STD7DST6,M3.2.0/2,M11.1.0/2,1,2025-11-02T08:00:00Z,2025/11/02 1:00:00 -07:00,-7,2025-11-02T08:00:00Z,TRUE,2025-03-09T09:00:00Z,FALSE,TRUE,
Asia/Beirut,STD-2DST-3,M3.5.0/0,M10.5.0/0,1,2025-03-29T22:00:00Z,2025/03/30 1:00:00 +03:00,3,2025-10-25T21:00:00Z,FALSE,2025-03-29T22:00:00Z,TRUE,TRUE,
Asia/Beirut,STD-2DST-3,M3.5.0/0,M10.5.0/0,1,2025-10-25T21:00:00Z,2025/10/25 23:00:00 +02:00,2,2025-10-25T21:00:00Z,TRUE,2025-03-29T22:00:00Z,FALSE,TRUE,
Asia/Jerusalem,STD-2DST-3,M3.5.5/2,M10.5.0/2,1,2025-03-28T00:00:00Z,2025/03/28 3:00:00 +03:00,3,2025-10-25T23:00:00Z,FALSE,2025-03-28T00:00:00Z,TRUE,TRUE,
Asia/Jerusalem,STD-2DST-3,M3.5.5/2,M10.5.0/2,1,2025-10-25T23:00:00Z,2025/10/26 1:00:00 +02:00,2,2025-10-25T23:00:00Z,TRUE,2025-03-28T00:00:00Z,FALSE,TRUE,
Asia/Tel_Aviv,STD-2DST-3,M3.5.5/2,M10.5.0/2,1,2025-03-28T00:00:00Z,2025/03/28 3:00:00 +03:00,3,2025-10-25T23:00:00Z,FALSE,2025-03-28T00:00:00Z,TRUE,TRUE,
Asia/Tel_Aviv,STD-2DST-3,M3.5.5/2,M10.5.0/2,1,2025-10-25T23:00:00Z,2025/10/26 1:00:00 +02:00,2,2025-10-25T23:00:00Z,TRUE,2025-03-28T00:00:00Z,FALSE,TRUE,
Atlantic/Bermuda,STD4DST3,M3.2.0/2,M11.1.0/2,1,2025-03-09T06:00:00Z,2025/03/09 3:00:00 -03:00,-3,2025-11-02T05:00:00Z,FALSE,2025-03-09T06:00:00Z,TRUE,TRUE,
Atlantic/Bermuda,STD4DST3,M3.2.0/2,M11.1.0/2,1,2025-11-02T05:00:00Z,2025/11/02 1:00:00 -04:00,-4,2025-11-02T05:00:00Z,TRUE,2025-03-09T06:00:00Z,FALSE,TRUE,
Australia/LHI,<+10:30>-10:30<+11>-11,M10.1.0/2,M4.1.0/2,1,2025-04-05T15:00:00Z,2025/04/06 1:30:00 +10:30,10.5,2025-10-04T15:30:00Z,FALSE,2025-04-05T15:00:00Z,TRUE,TRUE,
Australia/LHI,<+10:30>-10:30<+11>-11,M10.1.0/2,M4.1.0/2,1,2025-10-04T15:30:00Z,2025/10/05 2:30:00 +11:00,11,2025-10-04T15:30:00Z,TRUE,2025-04-05T15:00:00Z,FALSE,TRUE,
Australia/Lord_Howe,<+10:30>-10:30<+11>-11,M10.1.0/2,M4.1.0/2,1,2025-04-05T15:00:00Z,2025/04/06 1:30:00 +10:30,10.5,2025-10-04T15:30:00Z,FALSE,2025-04-05T15:00:00Z,TRUE,TRUE,
Australia/Lord_Howe,<+10:30>-10:30<+11>-11,M10.1.0/2,M4.1.0/2,1,2025-10-04T15:30:00Z,2025/10/05 2:30:00 +11:00,11,2025-10-04T15:30:00Z,TRUE,2025-04-05T15:00:00Z,FALSE,TRUE,
CST6CDT,STD6DST5,M3.2.0/2,M11.1.0/2,1,2025-03-09T08:00:00Z,2025/03/09 3:00:00 -05:00,-5,2025-11-02T07:00:00Z,FALSE,2025-03-09T08:00:00Z,TRUE,TRUE,
CST6CDT,STD6DST5,M3.2.0/2,M11.1.0/2,1,2025-11-02T07:00:00Z,2025/11/02 1:00:00 -06:00,-6,2025-11-02T07:00:00Z,TRUE,2025-03-09T08:00:00Z,FALSE,TRUE,
Canada/Atlantic,STD4DST3,M3.2.0/2,M11.1.0/2,1,2025-03-09T06:00:00Z,2025/03/09 3:00:00 -03:00,-3,2025-11-02T05:00:00Z,FALSE,2025-03-09T06:00:00Z,TRUE,TRUE,
Canada/Atlantic,STD4DST3,M3.2.0/2,M11.1.0/2,1,2025-11-02T05:00:00Z,2025/11/02 1:00:00 -04:00,-4,2025-11-02T05:00:00Z,TRUE,2025-03-09T06:00:00Z,FALSE,TRUE,
Canada/Central,STD6DST5,M3.2.0/2,M11.1.0/2,1,2025-03-09T08:00:00Z,2025/03/09 3:00:00 -05:00,-5,2025-11-02T07:00:00Z,FALSE,2025-03-09T08:00:00Z,TRUE,TRUE,
Canada/Central,STD6DST5,M3.2.0/2,M11.1.0/2,1,2025-11-02T07:00:00Z,2025/11/02 1:00:00 -06:00,-6,2025-11-02T07:00:00Z,TRUE,2025-03-09T08:00:00Z,FALSE,TRUE,
Canada/Eastern,STD5DST4,M3.2.0/2,M11.1.0/2,1,2025-03-09T07:00:00Z,2025/03/09 3:00:00 -04:00,-4,2025-11-02T06:00:00Z,FALSE,2025-03-09T07:00:00Z,TRUE,TRUE,
Canada/Eastern,STD5DST4,M3.2.0/2,M11.1.0/2,1,2025-11-02T06:00:00Z,2025/11/02 1:00:00 -05:00,-5,2025-11-02T06:00:00Z,TRUE,2025-03-09T07:00:00Z,FALSE,TRUE,
Canada/Mountain,STD7DST6,M3.2.0/2,M11.1.0/2,1,2025-03-09T09:00:00Z,2025/03/09 3:00:00 -06:00,-6,2025-11-02T08:00:00Z,FALSE,2025-03-09T09:00:00Z,TRUE,TRUE,
Canada/Mountain,STD7DST6,M3.2.0/2,M11.1.0/2,1,2025-11-02T08:00:00Z,2025/11/02 1:00:00 -07:00,-7,2025-11-02T08:00:00Z,TRUE,2025-03-09T09:00:00Z,FALSE,TRUE,
Canada/Newfoundland,STD3DST2,M3.2.0/2,M11.1.0/2,1,2025-03-09T05:30:00Z,2025/03/09 3:00:00 -02:30,-2.5,2025-11-02T04:30:00Z,FALSE,2025-03-09T05:30:00Z,TRUE,TRUE,
Canada/Newfoundland,STD3DST2,M3.2.0/2,M11.1.0/2,1,2025-11-02T04:30:00Z,2025/11/02 1:00:00 -03:30,-3.5,2025-11-02T04:30:00Z,TRUE,2025-03-09T05:30:00Z,FALSE,TRUE,
Canada/Pacific,STD8DST7,M3.2.0/2,M11.1.0/2,1,2025-03-09T10:00:00Z,2025/03/09 3:00:00 -07:00,-7,2025-11-02T09:00:00Z,FALSE,2025-03-09T10:00:00Z,TRUE,TRUE,
Canada/Pacific,STD8DST7,M3.2.0/2,M11.1.0/2,1,2025-11-02T09:00:00Z,2025/11/02 1:00:00 -08:00,-8,2025-11-02T09:00:00Z,TRUE,2025-03-09T10:00:00Z,FALSE,TRUE,
EST5EDT,STD5DST4,M3.2.0/2,M11.1.0/2,1,2025-03-09T07:00:00Z,2025/03/09 3:00:00 -04:00,-4,2025-11-02T06:00:00Z,FALSE,2025-03-09T07:00:00Z,TRUE,TRUE,
EST5EDT,STD5DST4,M3.2.0/2,M11.1.0/2,1,2025-11-02T06:00:00Z,2025/11/02 1:00:00 -05:00,-5,2025-11-02T06:00:00Z,TRUE,2025-03-09T07:00:00Z,FALSE,TRUE,
Egypt,STD-2DST-3,M4.5.5/0,M10.5.5/0,1,2025-04-24T22:00:00Z,2025/04/25 1:00:00 +03:00,3,2025-10-30T21:00:00Z,FALSE,2025-04-24T22:00:00Z,TRUE,TRUE,
Egypt,STD-2DST-3,M4.5.5/0,M10.5.5/0,1,2025-10-30T21:00:00Z,2025/10/30 23:00:00 +02:00,2,2025-10-30T21:00:00Z,TRUE,2025-04-24T22:00:00Z,FALSE,TRUE,
Europe/Chisinau,STD-2DST-3,M3.5.0/2,M10.5.0/3,1,2025-03-30T00:00:00Z,2025/03/30 3:00:00 +03:00,3,2025-10-26T00:00:00Z,FALSE,2025-03-30T00:00:00Z,TRUE,TRUE,
Europe/Chisinau,STD-2DST-3,M3.5.0/2,M10.5.0/3,1,2025-10-26T00:00:00Z,2025/10/26 2:00:00 +02:00,2,2025-10-26T00:00:00Z,TRUE,2025-03-30T00:00:00Z,FALSE,TRUE,
Europe/Tiraspol,STD-2DST-3,M3.5.0/2,M10.5.0/3,1,2025-03-30T00:00:00Z,2025/03/30 3:00:00 +03:00,3,2025-10-26T00:00:00Z,FALSE,2025-03-30T00:00:00Z,TRUE,TRUE,
Europe/Tiraspol,STD-2DST-3,M3.5.0/2,M10.5.0/3,1,2025-10-26T00:00:00Z,2025/10/26 2:00:00 +02:00,2,2025-10-26T00:00:00Z,TRUE,2025-03-30T00:00:00Z,FALSE,TRUE,
Israel,STD-2DST-3,M3.5.5/2,M10.5.0/2,1,2025-03-28T00:00:00Z,2025/03/28 3:00:00 +03:00,3,2025-10-25T23:00:00Z,FALSE,2025-03-28T00:00:00Z,TRUE,TRUE,
Israel,STD-2DST-3,M3.5.5/2,M10.5.0/2,1,2025-10-25T23:00:00Z,2025/10/26 1:00:00 +02:00,2,2025-10-25T23:00:00Z,TRUE,2025-03-28T00:00:00Z,FALSE,TRUE,
MST7MDT,STD7DST6,M3.2.0/2,M11.1.0/2,1,2025-03-09T09:00:00Z,2025/03/09 3:00:00 -06:00,-6,2025-11-02T08:00:00Z,FALSE,2025-03-09T09:00:00Z,TRUE,TRUE,
MST7MDT,STD7DST6,M3.2.0/2,M11.1.0/2,1,2025-11-02T08:00:00Z,2025/11/02 1:00:00 -07:00,-7,2025-11-02T08:00:00Z,TRUE,2025-03-09T09:00:00Z,FALSE,TRUE,
Mexico/BajaNorte,STD8DST7,M3.2.0/2,M11.1.0/2,1,2025-03-09T10:00:00Z,2025/03/09 3:00:00 -07:00,-7,2025-11-02T09:00:00Z,FALSE,2025-03-09T10:00:00Z,TRUE,TRUE,
Mexico/BajaNorte,STD8DST7,M3.2.0/2,M11.1.0/2,1,2025-11-02T09:00:00Z,2025/11/02 1:00:00 -08:00,-8,2025-11-02T09:00:00Z,TRUE,2025-03-09T10:00:00Z,FALSE,TRUE,
Navajo,STD7DST6,M3.2.0/2,M11.1.0/2,1,2025-03-09T09:00:00Z,2025/03/09 3:00:00 -06:00,-6,2025-11-02T08:00:00Z,FALSE,2025-03-09T09:00:00Z,TRUE,TRUE,
Navajo,STD7DST6,M3.2.0/2,M11.1.0/2,1,2025-11-02T08:00:00Z,2025/11/02 1:00:00 -07:00,-7,2025-11-02T08:00:00Z,TRUE,2025-03-09T09:00:00Z,FALSE,TRUE,
PST8PDT,STD8DST7,M3.2.0/2,M11.1.0/2,1,2025-03-09T10:00:00Z,2025/03/09 3:00:00 -07:00,-7,2025-11-02T09:00:00Z,FALSE,2025-03-09T10:00:00Z,TRUE,TRUE,
PST8PDT,STD8DST7,M3.2.0/2,M11.1.0/2,1,2025-11-02T09:00:00Z,2025/11/02 1:00:00 -08:00,-8,2025-11-02T09:00:00Z,TRUE,2025-03-09T10:00:00Z,FALSE,TRUE,
SystemV/AST4ADT,STD4DST3,M4.5.0/2,M10.5.0/2,1,2025-04-27T06:00:00Z,2025/04/27 3:00:00 -03:00,-3,#N/A,#N/A,#N/A,#N/A,#N/A,
SystemV/AST4ADT,STD4DST3,M4.5.0/2,M10.5.0/2,1,2025-10-26T05:00:00Z,2025/10/26 1:00:00 -04:00,-4,#N/A,#N/A,#N/A,#N/A,#N/A,
SystemV/CST6CDT,STD6DST5,M4.5.0/2,M10.5.0/2,1,2025-04-27T08:00:00Z,2025/04/27 3:00:00 -05:00,-5,#N/A,#N/A,#N/A,#N/A,#N/A,
SystemV/CST6CDT,STD6DST5,M4.5.0/2,M10.5.0/2,1,2025-10-26T07:00:00Z,2025/10/26 1:00:00 -06:00,-6,#N/A,#N/A,#N/A,#N/A,#N/A,
SystemV/EST5EDT,STD5DST4,M4.5.0/2,M10.5.0/2,1,2025-04-27T07:00:00Z,2025/04/27 3:00:00 -04:00,-4,#N/A,#N/A,#N/A,#N/A,#N/A,
SystemV/EST5EDT,STD5DST4,M4.5.0/2,M10.5.0/2,1,2025-10-26T06:00:00Z,2025/10/26 1:00:00 -05:00,-5,#N/A,#N/A,#N/A,#N/A,#N/A,
SystemV/MST7MDT,STD7DST6,M4.5.0/2,M10.5.0/2,1,2025-04-27T09:00:00Z,2025/04/27 3:00:00 -06:00,-6,#N/A,#N/A,#N/A,#N/A,#N/A,
SystemV/MST7MDT,STD7DST6,M4.5.0/2,M10.5.0/2,1,2025-10-26T08:00:00Z,2025/10/26 1:00:00 -07:00,-7,#N/A,#N/A,#N/A,#N/A,#N/A,
SystemV/PST8PDT,STD8DST7,M4.5.0/2,M10.5.0/2,1,2025-04-27T10:00:00Z,2025/04/27 3:00:00 -07:00,-7,#N/A,#N/A,#N/A,#N/A,#N/A,
SystemV/PST8PDT,STD8DST7,M4.5.0/2,M10.5.0/2,1,2025-10-26T09:00:00Z,2025/10/26 1:00:00 -08:00,-8,#N/A,#N/A,#N/A,#N/A,#N/A,
SystemV/YST9YDT,STD9DST8,M4.5.0/2,M10.5.0/2,1,2025-04-27T11:00:00Z,2025/04/27 3:00:00 -08:00,-8,#N/A,#N/A,#N/A,#N/A,#N/A,
SystemV/YST9YDT,STD9DST8,M4.5.0/2,M10.5.0/2,1,2025-10-26T10:00:00Z,2025/10/26 1:00:00 -09:00,-9,#N/A,#N/A,#N/A,#N/A,#N/A,
US/Alaska,STD9DST8,M3.2.0/2,M11.1.0/2,1,2025-03-09T11:00:00Z,2025/03/09 3:00:00 -08:00,-8,2025-11-02T10:00:00Z,FALSE,2025-03-09T11:00:00Z,TRUE,TRUE,
US/Alaska,STD9DST8,M3.2.0/2,M11.1.0/2,1,2025-11-02T10:00:00Z,2025/11/02 1:00:00 -09:00,-9,2025-11-02T10:00:00Z,TRUE,2025-03-09T11:00:00Z,FALSE,TRUE,
US/Aleutian,STD10DST9,M3.2.0/2,M11.1.0/2,1,2025-03-09T12:00:00Z,2025/03/09 3:00:00 -09:00,-9,2025-11-02T11:00:00Z,FALSE,2025-03-09T12:00:00Z,TRUE,TRUE,
US/Aleutian,STD10DST9,M3.2.0/2,M11.1.0/2,1,2025-11-02T11:00:00Z,2025/11/02 1:00:00 -10:00,-10,2025-11-02T11:00:00Z,TRUE,2025-03-09T12:00:00Z,FALSE,TRUE,
US/Central,STD6DST5,M3.2.0/2,M11.1.0/2,1,2025-03-09T08:00:00Z,2025/03/09 3:00:00 -05:00,-5,2025-11-02T07:00:00Z,FALSE,2025-03-09T08:00:00Z,TRUE,TRUE,
US/Central,STD6DST5,M3.2.0/2,M11.1.0/2,1,2025-11-02T07:00:00Z,2025/11/02 1:00:00 -06:00,-6,2025-11-02T07:00:00Z,TRUE,2025-03-09T08:00:00Z,FALSE,TRUE,
US/East-Indiana,STD5DST4,M3.2.0/2,M11.1.0/2,1,2025-03-09T07:00:00Z,2025/03/09 3:00:00 -04:00,-4,2025-11-02T06:00:00Z,FALSE,2025-03-09T07:00:00Z,TRUE,TRUE,
US/East-Indiana,STD5DST4,M3.2.0/2,M11.1.0/2,1,2025-11-02T06:00:00Z,2025/11/02 1:00:00 -05:00,-5,2025-11-02T06:00:00Z,TRUE,2025-03-09T07:00:00Z,FALSE,TRUE,
US/Eastern,STD5DST4,M3.2.0/2,M11.1.0/2,1,2025-03-09T07:00:00Z,2025/03/09 3:00:00 -04:00,-4,2025-11-02T06:00:00Z,FALSE,2025-03-09T07:00:00Z,TRUE,TRUE,
US/Eastern,STD5DST4,M3.2.0/2,M11.1.0/2,1,2025-11-02T06:00:00Z,2025/11/02 1:00:00 -05:00,-5,2025-11-02T06:00:00Z,TRUE,2025-03-09T07:00:00Z,FALSE,TRUE,
US/Indiana-Starke,STD6DST5,M3.2.0/2,M11.1.0/2,1,2025-03-09T08:00:00Z,2025/03/09 3:00:00 -05:00,-5,2025-11-02T07:00:00Z,FALSE,2025-03-09T08:00:00Z,TRUE,TRUE,
US/Indiana-Starke,STD6DST5,M3.2.0/2,M11.1.0/2,1,2025-11-02T07:00:00Z,2025/11/02 1:00:00 -06:00,-6,2025-11-02T07:00:00Z,TRUE,2025-03-09T08:00:00Z,FALSE,TRUE,
US/Michigan,STD5DST4,M3.2.0/2,M11.1.0/2,1,2025-03-09T07:00:00Z,2025/03/09 3:00:00 -04:00,-4,2025-11-02T06:00:00Z,FALSE,2025-03-09T07:00:00Z,TRUE,TRUE,
US/Michigan,STD5DST4,M3.2.0/2,M11.1.0/2,1,2025-11-02T06:00:00Z,2025/11/02 1:00:00 -05:00,-5,2025-11-02T06:00:00Z,TRUE,2025-03-09T07:00:00Z,FALSE,TRUE,
US/Mountain,STD7DST6,M3.2.0/2,M11.1.0/2,1,2025-03-09T09:00:00Z,2025/03/09 3:00:00 -06:00,-6,2025-11-02T08:00:00Z,FALSE,2025-03-09T09:00:00Z,TRUE,TRUE,
US/Mountain,STD7DST6,M3.2.0/2,M11.1.0/2,1,2025-11-02T08:00:00Z,2025/11/02 1:00:00 -07:00,-7,2025-11-02T08:00:00Z,TRUE,2025-03-09T09:00:00Z,FALSE,TRUE,
US/Pacific,STD8DST7,M3.2.0/2,M11.1.0/2,1,2025-03-09T10:00:00Z,2025/03/09 3:00:00 -07:00,-7,2025-11-02T09:00:00Z,FALSE,2025-03-09T10:00:00Z,TRUE,TRUE,
US/Pacific,STD8DST7,M3.2.0/2,M11.1.0/2,1,2025-11-02T09:00:00Z,2025/11/02 1:00:00 -08:00,-8,2025-11-02T09:00:00Z,TRUE,2025-03-09T10:00:00Z,FALSE,TRUE,
ART,STD-2DST-3,M4.5.5/0,M10.5.5/0,1,2025-04-24T22:00:00Z,2025/04/25 1:00:00 +03:00,3,#N/A,#N/A,#N/A,#N/A,#N/A,
ART,STD-2DST-3,M4.5.5/0,M10.5.5/0,1,2025-10-30T21:00:00Z,2025/10/30 23:00:00 +02:00,2,#N/A,#N/A,#N/A,#N/A,#N/A,
AST,STD9DST8,M3.2.0/2,M11.1.0/2,1,2025-03-09T11:00:00Z,2025/03/09 3:00:00 -08:00,-8,#N/A,#N/A,#N/A,#N/A,#N/A,
AST,STD9DST8,M3.2.0/2,M11.1.0/2,1,2025-11-02T10:00:00Z,2025/11/02 1:00:00 -09:00,-9,#N/A,#N/A,#N/A,#N/A,#N/A,
CNT,STD3DST2,M3.2.0/2,M11.1.0/2,1,2025-03-09T05:30:00Z,2025/03/09 3:00:00 -02:30,-2.5,#N/A,#N/A,#N/A,#N/A,#N/A,
CNT,STD3DST2,M3.2.0/2,M11.1.0/2,1,2025-11-02T04:30:00Z,2025/11/02 1:00:00 -03:30,-3.5,#N/A,#N/A,#N/A,#N/A,#N/A,
CST,STD6DST5,M3.2.0/2,M11.1.0/2,1,2025-03-09T08:00:00Z,2025/03/09 3:00:00 -05:00,-5,#N/A,#N/A,#N/A,#N/A,#N/A,
CST,STD6DST5,M3.2.0/2,M11.1.0/2,1,2025-11-02T07:00:00Z,2025/11/02 1:00:00 -06:00,-6,#N/A,#N/A,#N/A,#N/A,#N/A,
IET,STD5DST4,M3.2.0/2,M11.1.0/2,1,2025-03-09T07:00:00Z,2025/03/09 3:00:00 -04:00,-4,#N/A,#N/A,#N/A,#N/A,#N/A,
IET,STD5DST4,M3.2.0/2,M11.1.0/2,1,2025-11-02T06:00:00Z,2025/11/02 1:00:00 -05:00,-5,#N/A,#N/A,#N/A,#N/A,#N/A,
PST,STD8DST7,M3.2.0/2,M11.1.0/2,1,2025-03-09T10:00:00Z,2025/03/09 3:00:00 -07:00,-7,#N/A,#N/A,#N/A,#N/A,#N/A,
PST,STD8DST7,M3.2.0/2,M11.1.0/2,1,2025-11-02T09:00:00Z,2025/11/02 1:00:00 -08:00,-8,#N/A,#N/A,#N/A,#N/A,#N/A,
America/Havana,STD5DST4,M3.2.0/0,M11.1.0/1,2,2025-03-09T05:00:00Z,2025/03/09 1:00:00 -04:00,-4,2025-11-02T05:00:00Z,FALSE,2025-03-09T05:00:00Z,TRUE,TRUE,
America/Havana,STD5DST4,M3.2.0/0,M11.1.0/1,2,2025-11-02T05:00:00Z,2025/11/02 0:00:00 -05:00,-5,2025-11-02T05:00:00Z,TRUE,2025-03-09T05:00:00Z,FALSE,TRUE,
Antarctica/Macquarie,STD-10DST-11,M10.1.0/2,M4.1.0/3,2,2025-04-05T16:00:00Z,2025/04/06 2:00:00 +10:00,10,2025-10-04T16:00:00Z,FALSE,2025-04-05T16:00:00Z,TRUE,TRUE,
Antarctica/Macquarie,STD-10DST-11,M10.1.0/2,M4.1.0/3,2,2025-10-04T16:00:00Z,2025/10/05 3:00:00 +11:00,11,2025-10-04T16:00:00Z,TRUE,2025-04-05T16:00:00Z,FALSE,TRUE,
Antarctica/McMurdo,STD-12DST-13,M9.5.0/2,M4.1.0/3,2,2025-04-05T14:00:00Z,2025/04/06 2:00:00 +12:00,12,2025-09-27T14:00:00Z,FALSE,2025-04-05T14:00:00Z,TRUE,TRUE,
Antarctica/McMurdo,STD-12DST-13,M9.5.0/2,M4.1.0/3,2,2025-09-27T14:00:00Z,2025/09/28 3:00:00 +13:00,13,2025-09-27T14:00:00Z,TRUE,2025-04-05T14:00:00Z,FALSE,TRUE,
Antarctica/South_Pole,STD-12DST-13,M9.5.0/2,M4.1.0/3,2,2025-04-05T14:00:00Z,2025/04/06 2:00:00 +12:00,12,2025-09-27T14:00:00Z,FALSE,2025-04-05T14:00:00Z,TRUE,TRUE,
Antarctica/South_Pole,STD-12DST-13,M9.5.0/2,M4.1.0/3,2,2025-09-27T14:00:00Z,2025/09/28 3:00:00 +13:00,13,2025-09-27T14:00:00Z,TRUE,2025-04-05T14:00:00Z,FALSE,TRUE,
Australia/ACT,STD-10DST-11,M10.1.0/2,M4.1.0/3,2,2025-04-05T16:00:00Z,2025/04/06 2:00:00 +10:00,10,2025-10-04T16:00:00Z,FALSE,2025-04-05T16:00:00Z,TRUE,TRUE,
Australia/ACT,STD-10DST-11,M10.1.0/2,M4.1.0/3,2,2025-10-04T16:00:00Z,2025/10/05 3:00:00 +11:00,11,2025-10-04T16:00:00Z,TRUE,2025-04-05T16:00:00Z,FALSE,TRUE,
Australia/Adelaide,<+9:30>-9:30<+10:30>-10:30,M10.1.0/2,M4.1.0/3,2,2025-04-05T16:30:00Z,2025/04/06 2:00:00 +09:30,9.5,2025-10-04T16:30:00Z,FALSE,2025-04-05T16:30:00Z,TRUE,TRUE,
Australia/Adelaide,<+9:30>-9:30<+10:30>-10:30,M10.1.0/2,M4.1.0/3,2,2025-10-04T16:30:00Z,2025/10/05 3:00:00 +10:30,10.5,2025-10-04T16:30:00Z,TRUE,2025-04-05T16:30:00Z,FALSE,TRUE,
Australia/Broken_Hill,<+9:30>-9:30<+10:30>-10:30,M10.1.0/2,M4.1.0/3,2,2025-04-05T16:30:00Z,2025/04/06 2:00:00 +09:30,9.5,2025-10-04T16:30:00Z,FALSE,2025-04-05T16:30:00Z,TRUE,TRUE,
Australia/Broken_Hill,<+9:30>-9:30<+10:30>-10:30,M10.1.0/2,M4.1.0/3,2,2025-10-04T16:30:00Z,2025/10/05 3:00:00 +10:30,10.5,2025-10-04T16:30:00Z,TRUE,2025-04-05T16:30:00Z,FALSE,TRUE,
Australia/Canberra,STD-10DST-11,M10.1.0/2,M4.1.0/3,2,2025-04-05T16:00:00Z,2025/04/06 2:00:00 +10:00,10,2025-10-04T16:00:00Z,FALSE,2025-04-05T16:00:00Z,TRUE,TRUE,
Australia/Canberra,STD-10DST-11,M10.1.0/2,M4.1.0/3,2,2025-10-04T16:00:00Z,2025/10/05 3:00:00 +11:00,11,2025-10-04T16:00:00Z,TRUE,2025-04-05T16:00:00Z,FALSE,TRUE,
Australia/Currie,STD-10DST-11,M10.1.0/2,M4.1.0/3,2,2025-04-05T16:00:00Z,2025/04/06 2:00:00 +10:00,10,2025-10-04T16:00:00Z,FALSE,2025-04-05T16:00:00Z,TRUE,TRUE,
Australia/Currie,STD-10DST-11,M10.1.0/2,M4.1.0/3,2,2025-10-04T16:00:00Z,2025/10/05 3:00:00 +11:00,11,2025-10-04T16:00:00Z,TRUE,2025-04-05T16:00:00Z,FALSE,TRUE,
Australia/Hobart,STD-10DST-11,M10.1.0/2,M4.1.0/3,2,2025-04-05T16:00:00Z,2025/04/06 2:00:00 +10:00,10,2025-10-04T16:00:00Z,FALSE,2025-04-05T16:00:00Z,TRUE,TRUE,
Australia/Hobart,STD-10DST-11,M10.1.0/2,M4.1.0/3,2,2025-10-04T16:00:00Z,2025/10/05 3:00:00 +11:00,11,2025-10-04T16:00:00Z,TRUE,2025-04-05T16:00:00Z,FALSE,TRUE,
Australia/Melbourne,STD-10DST-11,M10.1.0/2,M4.1.0/3,2,2025-04-05T16:00:00Z,2025/04/06 2:00:00 +10:00,10,2025-10-04T16:00:00Z,FALSE,2025-04-05T16:00:00Z,TRUE,TRUE,
Australia/Melbourne,STD-10DST-11,M10.1.0/2,M4.1.0/3,2,2025-10-04T16:00:00Z,2025/10/05 3:00:00 +11:00,11,2025-10-04T16:00:00Z,TRUE,2025-04-05T16:00:00Z,FALSE,TRUE,
Australia/NSW,STD-10DST-11,M10.1.0/2,M4.1.0/3,2,2025-04-05T16:00:00Z,2025/04/06 2:00:00 +10:00,10,2025-10-04T16:00:00Z,FALSE,2025-04-05T16:00:00Z,TRUE,TRUE,
Australia/NSW,STD-10DST-11,M10.1.0/2,M4.1.0/3,2,2025-10-04T16:00:00Z,2025/10/05 3:00:00 +11:00,11,2025-10-04T16:00:00Z,TRUE,2025-04-05T16:00:00Z,FALSE,TRUE,
Australia/South,<+9:30>-9:30<+10:30>-10:30,M10.1.0/2,M4.1.0/3,2,2025-04-05T16:30:00Z,2025/04/06 2:00:00 +09:30,9.5,2025-10-04T16:30:00Z,FALSE,2025-04-05T16:30:00Z,TRUE,TRUE,
Australia/South,<+9:30>-9:30<+10:30>-10:30,M10.1.0/2,M4.1.0/3,2,2025-10-04T16:30:00Z,2025/10/05 3:00:00 +10:30,10.5,2025-10-04T16:30:00Z,TRUE,2025-04-05T16:30:00Z,FALSE,TRUE,
Australia/Sydney,STD-10DST-11,M10.1.0/2,M4.1.0/3,2,2025-04-05T16:00:00Z,2025/04/06 2:00:00 +10:00,10,2025-10-04T16:00:00Z,FALSE,2025-04-05T16:00:00Z,TRUE,TRUE,
Australia/Sydney,STD-10DST-11,M10.1.0/2,M4.1.0/3,2,2025-10-04T16:00:00Z,2025/10/05 3:00:00 +11:00,11,2025-10-04T16:00:00Z,TRUE,2025-04-05T16:00:00Z,FALSE,TRUE,
Australia/Tasmania,STD-10DST-11,M10.1.0/2,M4.1.0/3,2,2025-04-05T16:00:00Z,2025/04/06 2:00:00 +10:00,10,2025-10-04T16:00:00Z,FALSE,2025-04-05T16:00:00Z,TRUE,TRUE,
Australia/Tasmania,STD-10DST-11,M10.1.0/2,M4.1.0/3,2,2025-10-04T16:00:00Z,2025/10/05 3:00:00 +11:00,11,2025-10-04T16:00:00Z,TRUE,2025-04-05T16:00:00Z,FALSE,TRUE,
Australia/Victoria,STD-10DST-11,M10.1.0/2,M4.1.0/3,2,2025-04-05T16:00:00Z,2025/04/06 2:00:00 +10:00,10,2025-10-04T16:00:00Z,FALSE,2025-04-05T16:00:00Z,TRUE,TRUE,
Australia/Victoria,STD-10DST-11,M10.1.0/2,M4.1.0/3,2,2025-10-04T16:00:00Z,2025/10/05 3:00:00 +11:00,11,2025-10-04T16:00:00Z,TRUE,2025-04-05T16:00:00Z,FALSE,TRUE,
Australia/Yancowinna,<+9:30>-9:30<+10:30>-10:30,M10.1.0/2,M4.1.0/3,2,2025-04-05T16:30:00Z,2025/04/06 2:00:00 +09:30,9.5,2025-10-04T16:30:00Z,FALSE,2025-04-05T16:30:00Z,TRUE,TRUE,
Australia/Yancowinna,<+9:30>-9:30<+10:30>-10:30,M10.1.0/2,M4.1.0/3,2,2025-10-04T16:30:00Z,2025/10/05 3:00:00 +10:30,10.5,2025-10-04T16:30:00Z,TRUE,2025-04-05T16:30:00Z,FALSE,TRUE,
CET,STD-1DST-2,M3.5.0/2,M10.5.0/3,2,2025-03-30T01:00:00Z,2025/03/30 3:00:00 +02:00,2,2025-10-26T01:00:00Z,FALSE,2025-03-30T01:00:00Z,TRUE,TRUE,
CET,STD-1DST-2,M3.5.0/2,M10.5.0/3,2,2025-10-26T01:00:00Z,2025/10/26 2:00:00 +01:00,1,2025-10-26T01:00:00Z,TRUE,2025-03-30T01:00:00Z,FALSE,TRUE,
Cuba,STD5DST4,M3.2.0/0,M11.1.0/1,2,2025-03-09T05:00:00Z,2025/03/09 1:00:00 -04:00,-4,2025-11-02T05:00:00Z,FALSE,2025-03-09T05:00:00Z,TRUE,TRUE,
Cuba,STD5DST4,M3.2.0/0,M11.1.0/1,2,2025-11-02T05:00:00Z,2025/11/02 0:00:00 -05:00,-5,2025-11-02T05:00:00Z,TRUE,2025-03-09T05:00:00Z,FALSE,TRUE,
MET,STD-1DST-2,M3.5.0/2,M10.5.0/3,2,2025-03-30T01:00:00Z,2025/03/30 3:00:00 +02:00,2,2025-10-26T01:00:00Z,FALSE,2025-03-30T01:00:00Z,TRUE,TRUE,
MET,STD-1DST-2,M3.5.0/2,M10.5.0/3,2,2025-10-26T01:00:00Z,2025/10/26 2:00:00 +01:00,1,2025-10-26T01:00:00Z,TRUE,2025-03-30T01:00:00Z,FALSE,TRUE,
NZ,STD-12DST-13,M9.5.0/2,M4.1.0/3,2,2025-04-05T14:00:00Z,2025/04/06 2:00:00 +12:00,12,2025-09-27T14:00:00Z,FALSE,2025-04-05T14:00:00Z,TRUE,TRUE,
NZ,STD-12DST-13,M9.5.0/2,M4.1.0/3,2,2025-09-27T14:00:00Z,2025/09/28 3:00:00 +13:00,13,2025-09-27T14:00:00Z,TRUE,2025-04-05T14:00:00Z,FALSE,TRUE,
NZ-CHAT,<+12:45>-12:45<+13:45>-13:45,M9.5.0/2:45,M4.1.0/3:45,2,2025-04-05T14:00:00Z,2025/04/06 2:45:00 +12:45,12.75,2025-09-27T14:00:00Z,FALSE,2025-04-05T14:00:00Z,TRUE,TRUE,
NZ-CHAT,<+12:45>-12:45<+13:45>-13:45,M9.5.0/2:45,M4.1.0/3:45,2,2025-09-27T14:00:00Z,2025/09/28 3:45:00 +13:45,13.75,2025-09-27T14:00:00Z,TRUE,2025-04-05T14:00:00Z,FALSE,TRUE,
Pacific/Auckland,STD-12DST-13,M9.5.0/2,M4.1.0/3,2,2025-04-05T14:00:00Z,2025/04/06 2:00:00 +12:00,12,2025-09-27T14:00:00Z,FALSE,2025-04-05T14:00:00Z,TRUE,TRUE,
Pacific/Auckland,STD-12DST-13,M9.5.0/2,M4.1.0/3,2,2025-09-27T14:00:00Z,2025/09/28 3:00:00 +13:00,13,2025-09-27T14:00:00Z,TRUE,2025-04-05T14:00:00Z,FALSE,TRUE,
Pacific/Chatham,<+12:45>-12:45<+13:45>-13:45,M9.5.0/2:45,M4.1.0/3:45,2,2025-04-05T14:00:00Z,2025/04/06 2:45:00 +12:45,12.75,2025-09-27T14:00:00Z,FALSE,2025-04-05T14:00:00Z,TRUE,TRUE,
Pacific/Chatham,<+12:45>-12:45<+13:45>-13:45,M9.5.0/2:45,M4.1.0/3:45,2,2025-09-27T14:00:00Z,2025/09/28 3:45:00 +13:45,13.75,2025-09-27T14:00:00Z,TRUE,2025-04-05T14:00:00Z,FALSE,TRUE,
Pacific/Norfolk,STD-11DST-12,M10.1.0/2,M4.1.0/3,2,2025-04-05T15:00:00Z,2025/04/06 2:00:00 +11:00,11,2025-10-04T15:00:00Z,FALSE,2025-04-05T15:00:00Z,TRUE,TRUE,
Pacific/Norfolk,STD-11DST-12,M10.1.0/2,M4.1.0/3,2,2025-10-04T15:00:00Z,2025/10/05 3:00:00 +12:00,12,2025-10-04T15:00:00Z,TRUE,2025-04-05T15:00:00Z,FALSE,TRUE,
AET,STD-10DST-11,M10.1.0/2,M4.1.0/3,2,2025-04-05T16:00:00Z,2025/04/06 2:00:00 +10:00,10,#N/A,#N/A,#N/A,#N/A,#N/A,
AET,STD-10DST-11,M10.1.0/2,M4.1.0/3,2,2025-10-04T16:00:00Z,2025/10/05 3:00:00 +11:00,11,#N/A,#N/A,#N/A,#N/A,#N/A,
NST,STD-12DST-13,M9.5.0/2,M4.1.0/3,2,2025-04-05T14:00:00Z,2025/04/06 2:00:00 +12:00,12,#N/A,#N/A,#N/A,#N/A,#N/A,
NST,STD-12DST-13,M9.5.0/2,M4.1.0/3,2,2025-09-27T14:00:00Z,2025/09/28 3:00:00 +13:00,13,#N/A,#N/A,#N/A,#N/A,#N/A,
